case_id,activity,timestamp,user,department
PO-1001,Create PR,2026-01-06 02:48:00,Elena_Staff,Manufacturing
PO-1001,Approve PR,2026-01-06 04:48:00,David_Director,Manufacturing
PO-1001,Issue PO,2026-01-06 12:48:00,Marcus_Purchaser,Manufacturing
PO-1001,Record GRN,2026-01-09 00:48:00,Li_Logistics,Manufacturing
PO-1001,Post Invoice,2026-01-10 04:48:00,Fatima_AP,Manufacturing
PO-1001,Release Payment,2026-01-13 06:48:00,Robert_Treasurer,Manufacturing
PO-1002,Create PR,2026-01-06 18:36:00,Carlos_Ops,Corporate Marketing
PO-1002,Approve PR,2026-01-07 00:36:00,David_Director,Corporate Marketing
PO-1002,Issue PO,2026-01-07 05:36:00,Tariq_Buyer,Corporate Marketing
PO-1002,Record GRN,2026-01-10 01:36:00,Li_Logistics,Corporate Marketing
PO-1002,Post Invoice,2026-01-11 01:36:00,Svetlana_AP,Corporate Marketing
PO-1002,Release Payment,2026-01-12 18:36:00,Robert_Treasurer,Corporate Marketing
PO-1003,Create PR,2026-01-07 11:24:00,Elena_Staff,Facilities
PO-1003,Approve PR,2026-01-07 14:24:00,Sarah_DeptHead,Facilities
PO-1003,Issue PO,2026-01-07 21:24:00,Nasser_Buyer,Facilities
PO-1003,Post Invoice,2026-01-09 06:24:00,Amira_AP,Facilities
PO-1003,Release Payment,2026-01-10 15:24:00,Zaid_Treasury,Facilities
PO-1004,Create PR,2026-01-08 06:12:00,Kavita_Buyer,IT Services
PO-1004,Approve PR,2026-01-08 12:12:00,Jessica_VP,IT Services
PO-1004,Issue PO,2026-01-08 19:12:00,Nasser_Buyer,IT Services
PO-1004,Post Invoice,2026-01-09 08:12:00,Fatima_AP,IT Services
PO-1004,Release Payment,2026-01-11 01:12:00,Grace_Disbursement,IT Services
PO-1005,Create PR,2026-01-09 00:00:00,Elena_Staff,Facilities
PO-1005,Approve PR,2026-01-09 03:00:00,David_Director,Facilities
PO-1005,Issue PO,2026-01-09 11:00:00,Tariq_Buyer,Facilities
PO-1005,Record GRN,2026-01-11 22:00:00,Michael_Warehouse,Facilities
PO-1005,Post Invoice,2026-01-12 14:00:00,Amira_AP,Facilities
PO-1005,Release Payment,2026-01-14 05:00:00,Zaid_Treasury,Facilities
PO-1006,Create PR,2026-01-09 14:48:00,Carlos_Ops,Facilities
PO-1006,Issue PO,2026-01-09 17:48:00,Tariq_Buyer,Facilities
PO-1006,Post Invoice,2026-01-10 10:48:00,Fatima_AP,Facilities
PO-1006,Approve PR,2026-01-12 06:48:00,David_Director,Facilities
PO-1006,Release Payment,2026-01-13 08:48:00,Zaid_Treasury,Facilities
PO-1007,Create PR,2026-01-10 06:36:00,Ahmed_Requisitioner,IT Services
PO-1007,Approve PR,2026-01-10 12:36:00,Sarah_DeptHead,IT Services
PO-1007,Issue PO,2026-01-11 00:36:00,Marcus_Purchaser,IT Services
PO-1007,Record GRN,2026-01-13 16:36:00,Michael_Warehouse,IT Services
PO-1007,Post Invoice,2026-01-14 04:36:00,Svetlana_AP,IT Services
PO-1007,Release Payment,2026-01-16 13:36:00,Grace_Disbursement,IT Services
PO-1008,Create PR,2026-01-10 23:24:00,Elena_Staff,IT Services
PO-1008,Approve PR,2026-01-11 04:24:00,Jessica_VP,IT Services
PO-1008,Issue PO,2026-01-11 16:24:00,Nasser_Buyer,IT Services
PO-1008,Post Invoice,2026-01-12 13:24:00,Fatima_AP,IT Services
PO-1008,Release Payment,2026-01-15 01:24:00,Zaid_Treasury,IT Services
PO-1009,Create PR,2026-01-11 17:12:00,Carlos_Ops,Supply Chain
PO-1009,Approve PR,2026-01-11 23:12:00,David_Director,Supply Chain
PO-1009,Issue PO,2026-01-12 10:12:00,Tariq_Buyer,Supply Chain
PO-1009,Record GRN,2026-01-15 04:12:00,Lucas_Receiving,Supply Chain
PO-1009,Post Invoice,2026-01-16 03:12:00,Svetlana_AP,Supply Chain
PO-1009,Release Payment,2026-01-19 19:12:00,Robert_Treasurer,Supply Chain
PO-1010,Create PR,2026-01-12 11:00:00,Elena_Staff,Supply Chain
PO-1010,Approve PR,2026-01-12 16:00:00,David_Director,Supply Chain
PO-1010,Issue PO,2026-01-13 02:00:00,Nasser_Buyer,Supply Chain
PO-1010,Record GRN,2026-01-14 06:00:00,Li_Logistics,Supply Chain
PO-1010,Post Invoice,2026-01-15 00:00:00,Amira_AP,Supply Chain
PO-1010,Release Payment,2026-01-18 10:00:00,Grace_Disbursement,Supply Chain
PO-1011,Create PR,2026-01-13 02:48:00,Elena_Staff,Manufacturing
PO-1011,Approve PR,2026-01-13 05:48:00,David_Director,Manufacturing
PO-1011,Issue PO,2026-01-13 14:48:00,Marcus_Purchaser,Manufacturing
PO-1011,Record GRN,2026-01-15 07:48:00,Lucas_Receiving,Manufacturing
PO-1011,Post Invoice,2026-01-16 15:48:00,Fatima_AP,Manufacturing
PO-1011,Release Payment,2026-01-19 09:48:00,Grace_Disbursement,Manufacturing
PO-1012,Create PR,2026-01-13 20:36:00,Kavita_Buyer,Facilities
PO-1012,Approve PR,2026-01-14 02:36:00,David_Director,Facilities
PO-1012,Issue PO,2026-01-14 08:36:00,Nasser_Buyer,Facilities
PO-1012,Record GRN,2026-01-16 19:36:00,Michael_Warehouse,Facilities
PO-1012,Post Invoice,2026-01-18 04:36:00,Fatima_AP,Facilities
PO-1012,Release Payment,2026-01-20 21:36:00,Zaid_Treasury,Facilities
PO-1013,Create PR,2026-01-14 13:24:00,Elena_Staff,Manufacturing
PO-1013,Approve PR,2026-01-14 19:24:00,Sarah_DeptHead,Manufacturing
PO-1013,Issue PO,2026-01-14 23:24:00,Marcus_Purchaser,Manufacturing
PO-1013,Post Invoice,2026-01-16 13:24:00,Fatima_AP,Manufacturing
PO-1013,Release Payment,2026-01-18 13:24:00,Robert_Treasurer,Manufacturing
PO-1014,Create PR,2026-01-15 06:12:00,Kavita_Buyer,Corporate Marketing
PO-1014,Approve PR,2026-01-15 08:12:00,Jessica_VP,Corporate Marketing
PO-1014,Issue PO,2026-01-15 14:12:00,Marcus_Purchaser,Corporate Marketing
PO-1014,Record GRN,2026-01-18 08:12:00,Li_Logistics,Corporate Marketing
PO-1014,Post Invoice,2026-01-19 19:12:00,Fatima_AP,Corporate Marketing
PO-1014,Release Payment,2026-01-23 07:12:00,Grace_Disbursement,Corporate Marketing
PO-1015,Create PR,2026-01-15 23:00:00,Carlos_Ops,Supply Chain
PO-1015,Issue PO,2026-01-16 05:00:00,Tariq_Buyer,Supply Chain
PO-1015,Post Invoice,2026-01-16 13:00:00,Fatima_AP,Supply Chain
PO-1015,Approve PR,2026-01-18 13:00:00,Sarah_DeptHead,Supply Chain
PO-1015,Release Payment,2026-01-20 07:00:00,Zaid_Treasury,Supply Chain
PO-1016,Create PR,2026-01-16 15:48:00,Elena_Staff,Supply Chain
PO-1016,Issue PO,2026-01-16 20:48:00,Marcus_Purchaser,Supply Chain
PO-1016,Post Invoice,2026-01-17 14:48:00,Fatima_AP,Supply Chain
PO-1016,Approve PR,2026-01-19 07:48:00,David_Director,Supply Chain
PO-1016,Release Payment,2026-01-21 06:48:00,Robert_Treasurer,Supply Chain
PO-1017,Create PR,2026-01-17 09:36:00,Elena_Staff,Facilities
PO-1017,Approve PR,2026-01-17 14:36:00,Sarah_DeptHead,Facilities
PO-1017,Issue PO,2026-01-18 02:36:00,Nasser_Buyer,Facilities
PO-1017,Record GRN,2026-01-19 10:36:00,Li_Logistics,Facilities
PO-1017,Post Invoice,2026-01-20 19:36:00,Fatima_AP,Facilities
PO-1017,Release Payment,2026-01-22 13:36:00,Robert_Treasurer,Facilities
PO-1018,Create PR,2026-01-17 23:24:00,Kavita_Buyer,IT Services
PO-1018,Approve PR,2026-01-18 04:24:00,Sarah_DeptHead,IT Services
PO-1018,Issue PO,2026-01-18 13:24:00,Tariq_Buyer,IT Services
PO-1018,Record GRN,2026-01-21 01:24:00,Michael_Warehouse,IT Services
PO-1018,Post Invoice,2026-01-22 10:24:00,Amira_AP,IT Services
PO-1018,Release Payment,2026-01-25 15:24:00,Robert_Treasurer,IT Services
PO-1019,Create PR,2026-01-18 19:12:00,Elena_Staff,IT Services
PO-1019,Approve PR,2026-01-18 23:12:00,David_Director,IT Services
PO-1019,Issue PO,2026-01-19 03:12:00,Nasser_Buyer,IT Services
PO-1019,Record GRN,2026-01-21 11:12:00,Lucas_Receiving,IT Services
PO-1019,Post Invoice,2026-01-22 20:12:00,Amira_AP,IT Services
PO-1019,Release Payment,2026-01-25 05:12:00,Grace_Disbursement,IT Services
PO-1020,Create PR,2026-01-19 09:00:00,Elena_Staff,Manufacturing
PO-1020,Approve PR,2026-01-19 11:00:00,Jessica_VP,Manufacturing
PO-1020,Issue PO,2026-01-19 16:00:00,Nasser_Buyer,Manufacturing
PO-1020,Record GRN,2026-01-21 12:00:00,Li_Logistics,Manufacturing
PO-1020,Post Invoice,2026-01-22 04:00:00,Fatima_AP,Manufacturing
PO-1020,Release Payment,2026-01-23 18:00:00,Zaid_Treasury,Manufacturing
PO-1021,Create PR,2026-01-20 03:48:00,Elena_Staff,Manufacturing
PO-1021,Approve PR,2026-01-20 07:48:00,Sarah_DeptHead,Manufacturing
PO-1021,Issue PO,2026-01-20 15:48:00,Marcus_Purchaser,Manufacturing
PO-1021,Record GRN,2026-01-22 18:48:00,Lucas_Receiving,Manufacturing
PO-1021,Post Invoice,2026-01-24 01:48:00,Amira_AP,Manufacturing
PO-1021,Release Payment,2026-01-27 07:48:00,Grace_Disbursement,Manufacturing
PO-1022,Create PR,2026-01-20 20:36:00,Kavita_Buyer,IT Services
PO-1022,Approve PR,2026-01-21 02:36:00,David_Director,IT Services
PO-1022,Issue PO,2026-01-21 11:36:00,Marcus_Purchaser,IT Services
PO-1022,Record GRN,2026-01-22 23:36:00,Michael_Warehouse,IT Services
PO-1022,Post Invoice,2026-01-24 11:36:00,Fatima_AP,IT Services
PO-1022,Release Payment,2026-01-27 04:36:00,Grace_Disbursement,IT Services
PO-1023,Create PR,2026-01-21 14:24:00,Kavita_Buyer,Facilities
PO-1023,Approve PR,2026-01-21 20:24:00,Jessica_VP,Facilities
PO-1023,Issue PO,2026-01-22 04:24:00,Nasser_Buyer,Facilities
PO-1023,Post Invoice,2026-01-22 18:24:00,Amira_AP,Facilities
PO-1023,Release Payment,2026-01-24 16:24:00,Grace_Disbursement,Facilities
PO-1024,Create PR,2026-01-22 07:12:00,Ahmed_Requisitioner,IT Services
PO-1024,Approve PR,2026-01-22 09:12:00,David_Director,IT Services
PO-1024,Issue PO,2026-01-22 20:12:00,Marcus_Purchaser,IT Services
PO-1024,Record GRN,2026-01-24 04:12:00,Michael_Warehouse,IT Services
PO-1024,Post Invoice,2026-01-25 08:12:00,Svetlana_AP,IT Services
PO-1024,Release Payment,2026-01-27 10:12:00,Robert_Treasurer,IT Services
PO-1025,Create PR,2026-01-22 21:00:00,Elena_Staff,IT Services
PO-1025,Approve PR,2026-01-22 23:00:00,David_Director,IT Services
PO-1025,Issue PO,2026-01-23 05:00:00,Tariq_Buyer,IT Services
PO-1025,Post Invoice,2026-01-25 01:00:00,Amira_AP,IT Services
PO-1025,Release Payment,2026-01-26 04:00:00,Robert_Treasurer,IT Services
PO-1026,Create PR,2026-01-23 16:48:00,Carlos_Ops,Manufacturing
PO-1026,Approve PR,2026-01-23 22:48:00,David_Director,Manufacturing
PO-1026,Issue PO,2026-01-24 03:48:00,Nasser_Buyer,Manufacturing
PO-1026,Record GRN,2026-01-25 21:48:00,Michael_Warehouse,Manufacturing
PO-1026,Post Invoice,2026-01-27 08:48:00,Fatima_AP,Manufacturing
PO-1026,Release Payment,2026-01-29 06:48:00,Robert_Treasurer,Manufacturing
PO-1027,Create PR,2026-01-24 08:36:00,Ahmed_Requisitioner,Supply Chain
PO-1027,Approve PR,2026-01-24 12:36:00,Jessica_VP,Supply Chain
PO-1027,Issue PO,2026-01-24 18:36:00,Marcus_Purchaser,Supply Chain
PO-1027,Record GRN,2026-01-26 11:36:00,Li_Logistics,Supply Chain
PO-1027,Post Invoice,2026-01-27 04:36:00,Fatima_AP,Supply Chain
PO-1027,Release Payment,2026-01-28 10:36:00,Robert_Treasurer,Supply Chain
PO-1028,Create PR,2026-01-24 23:24:00,Kavita_Buyer,Supply Chain
PO-1028,Approve PR,2026-01-25 05:24:00,David_Director,Supply Chain
PO-1028,Issue PO,2026-01-25 10:24:00,Tariq_Buyer,Supply Chain
PO-1028,Record GRN,2026-01-26 17:24:00,Michael_Warehouse,Supply Chain
PO-1028,Post Invoice,2026-01-27 05:24:00,Fatima_AP,Supply Chain
PO-1028,Release Payment,2026-01-30 20:24:00,Zaid_Treasury,Supply Chain
PO-1029,Create PR,2026-01-25 17:12:00,Kavita_Buyer,Supply Chain
PO-1029,Approve PR,2026-01-25 22:12:00,Sarah_DeptHead,Supply Chain
PO-1029,Issue PO,2026-01-26 10:12:00,Marcus_Purchaser,Supply Chain
PO-1029,Record GRN,2026-01-28 21:12:00,Michael_Warehouse,Supply Chain
PO-1029,Post Invoice,2026-01-30 03:12:00,Amira_AP,Supply Chain
PO-1029,Release Payment,2026-02-01 05:12:00,Grace_Disbursement,Supply Chain
PO-1030,Create PR,2026-01-26 10:00:00,Elena_Staff,Corporate Marketing
PO-1030,Approve PR,2026-01-26 14:00:00,Jessica_VP,Corporate Marketing
PO-1030,Issue PO,2026-01-26 23:00:00,Tariq_Buyer,Corporate Marketing
PO-1030,Record GRN,2026-01-28 00:00:00,Lucas_Receiving,Corporate Marketing
PO-1030,Post Invoice,2026-01-29 00:00:00,Amira_AP,Corporate Marketing
PO-1030,Release Payment,2026-02-01 12:00:00,Robert_Treasurer,Corporate Marketing
PO-1031,Create PR,2026-01-27 01:48:00,Ahmed_Requisitioner,Corporate Marketing
PO-1031,Approve PR,2026-01-27 05:48:00,Jessica_VP,Corporate Marketing
PO-1031,Issue PO,2026-01-27 16:48:00,Marcus_Purchaser,Corporate Marketing
PO-1031,Record GRN,2026-01-28 16:48:00,Li_Logistics,Corporate Marketing
PO-1031,Post Invoice,2026-01-29 06:48:00,Fatima_AP,Corporate Marketing
PO-1031,Release Payment,2026-02-02 05:48:00,Grace_Disbursement,Corporate Marketing
PO-1032,Create PR,2026-01-27 21:36:00,Carlos_Ops,Facilities
PO-1032,Approve PR,2026-01-28 00:36:00,Sarah_DeptHead,Facilities
PO-1032,Issue PO,2026-01-28 07:36:00,Nasser_Buyer,Facilities
PO-1032,Record GRN,2026-01-30 15:36:00,Lucas_Receiving,Facilities
PO-1032,Post Invoice,2026-01-31 12:36:00,Amira_AP,Facilities
PO-1032,Release Payment,2026-02-04 06:36:00,Grace_Disbursement,Facilities
PO-1033,Create PR,2026-01-28 11:24:00,Kavita_Buyer,IT Services
PO-1033,Approve PR,2026-01-28 15:24:00,Sarah_DeptHead,IT Services
PO-1033,Issue PO,2026-01-29 00:24:00,Nasser_Buyer,IT Services
PO-1033,Post Invoice,2026-01-29 15:24:00,Amira_AP,IT Services
PO-1033,Release Payment,2026-01-31 14:24:00,Zaid_Treasury,IT Services
PO-1034,Create PR,2026-01-29 04:12:00,Elena_Staff,Supply Chain
PO-1034,Issue PO,2026-01-29 10:12:00,Tariq_Buyer,Supply Chain
PO-1034,Post Invoice,2026-01-30 00:12:00,Svetlana_AP,Supply Chain
PO-1034,Approve PR,2026-01-31 07:12:00,Sarah_DeptHead,Supply Chain
PO-1034,Release Payment,2026-02-01 17:12:00,Grace_Disbursement,Supply Chain
PO-1035,Create PR,2026-01-29 23:00:00,Elena_Staff,Manufacturing
PO-1035,Approve PR,2026-01-30 02:00:00,David_Director,Manufacturing
PO-1035,Issue PO,2026-01-30 10:00:00,Marcus_Purchaser,Manufacturing
PO-1035,Record GRN,2026-02-01 19:00:00,Li_Logistics,Manufacturing
PO-1035,Post Invoice,2026-02-03 06:00:00,Svetlana_AP,Manufacturing
PO-1035,Release Payment,2026-02-06 07:00:00,Grace_Disbursement,Manufacturing
PO-1036,Create PR,2026-01-30 15:48:00,Ahmed_Requisitioner,Manufacturing
PO-1036,Approve PR,2026-01-30 19:48:00,Sarah_DeptHead,Manufacturing
PO-1036,Issue PO,2026-01-31 01:48:00,Tariq_Buyer,Manufacturing
PO-1036,Record GRN,2026-02-01 07:48:00,Michael_Warehouse,Manufacturing
PO-1036,Post Invoice,2026-02-02 11:48:00,Amira_AP,Manufacturing
PO-1036,Release Payment,2026-02-05 22:48:00,Zaid_Treasury,Manufacturing
PO-1037,Create PR,2026-01-31 08:36:00,Kavita_Buyer,Manufacturing
PO-1037,Approve PR,2026-01-31 14:36:00,David_Director,Manufacturing
PO-1037,Issue PO,2026-02-01 00:36:00,Tariq_Buyer,Manufacturing
PO-1037,Record GRN,2026-02-02 19:36:00,Li_Logistics,Manufacturing
PO-1037,Post Invoice,2026-02-03 18:36:00,Amira_AP,Manufacturing
PO-1037,Release Payment,2026-02-05 11:36:00,Robert_Treasurer,Manufacturing
PO-1038,Post Invoice,2026-01-31 23:24:00,Amira_AP,Manufacturing
PO-1038,Create PR,2026-02-01 03:24:00,Elena_Staff,Manufacturing
PO-1038,Approve PR,2026-02-01 18:24:00,Jessica_VP,Manufacturing
PO-1038,Release Payment,2026-02-03 01:24:00,Grace_Disbursement,Manufacturing
PO-1039,Create PR,2026-02-01 16:12:00,Carlos_Ops,Facilities
PO-1039,Approve PR,2026-02-01 22:12:00,Jessica_VP,Facilities
PO-1039,Issue PO,2026-02-02 06:12:00,Marcus_Purchaser,Facilities
PO-1039,Record GRN,2026-02-03 17:12:00,Li_Logistics,Facilities
PO-1039,Post Invoice,2026-02-04 12:12:00,Svetlana_AP,Facilities
PO-1039,Release Payment,2026-02-06 10:12:00,Grace_Disbursement,Facilities
PO-1040,Create PR,2026-02-02 09:00:00,Kavita_Buyer,IT Services
PO-1040,Approve PR,2026-02-02 13:00:00,Jessica_VP,IT Services
PO-1040,Issue PO,2026-02-02 19:00:00,Tariq_Buyer,IT Services
PO-1040,Post Invoice,2026-02-04 00:00:00,Svetlana_AP,IT Services
PO-1040,Release Payment,2026-02-06 22:00:00,Robert_Treasurer,IT Services
PO-1041,Create PR,2026-02-03 02:48:00,Kavita_Buyer,Facilities
PO-1041,Approve PR,2026-02-03 04:48:00,Jessica_VP,Facilities
PO-1041,Issue PO,2026-02-03 08:48:00,Marcus_Purchaser,Facilities
PO-1041,Post Invoice,2026-02-05 05:48:00,Fatima_AP,Facilities
PO-1041,Release Payment,2026-02-07 23:48:00,Robert_Treasurer,Facilities
PO-1042,Create PR,2026-02-03 18:36:00,Elena_Staff,Supply Chain
PO-1042,Approve PR,2026-02-04 00:36:00,Sarah_DeptHead,Supply Chain
PO-1042,Issue PO,2026-02-04 06:36:00,Tariq_Buyer,Supply Chain
PO-1042,Record GRN,2026-02-06 21:36:00,Michael_Warehouse,Supply Chain
PO-1042,Post Invoice,2026-02-07 16:36:00,Amira_AP,Supply Chain
PO-1042,Release Payment,2026-02-11 03:36:00,Grace_Disbursement,Supply Chain
PO-1043,Create PR,2026-02-04 14:24:00,Ahmed_Requisitioner,Corporate Marketing
PO-1043,Approve PR,2026-02-04 17:24:00,Jessica_VP,Corporate Marketing
PO-1043,Issue PO,2026-02-04 23:24:00,Tariq_Buyer,Corporate Marketing
PO-1043,Record GRN,2026-02-06 19:24:00,Michael_Warehouse,Corporate Marketing
PO-1043,Post Invoice,2026-02-07 14:24:00,Fatima_AP,Corporate Marketing
PO-1043,Release Payment,2026-02-11 01:24:00,Zaid_Treasury,Corporate Marketing
PO-1044,Create PR,2026-02-05 07:12:00,Kavita_Buyer,Supply Chain
PO-1044,Approve PR,2026-02-05 13:12:00,David_Director,Supply Chain
PO-1044,Issue PO,2026-02-06 01:12:00,Marcus_Purchaser,Supply Chain
PO-1044,Record GRN,2026-02-07 09:12:00,Li_Logistics,Supply Chain
PO-1044,Post Invoice,2026-02-08 07:12:00,Svetlana_AP,Supply Chain
PO-1044,Release Payment,2026-02-10 04:12:00,Grace_Disbursement,Supply Chain
PO-1045,Create PR,2026-02-05 22:00:00,Kavita_Buyer,Supply Chain
PO-1045,Approve PR,2026-02-06 01:00:00,Sarah_DeptHead,Supply Chain
PO-1045,Issue PO,2026-02-06 10:00:00,Tariq_Buyer,Supply Chain
PO-1045,Record GRN,2026-02-07 11:00:00,Li_Logistics,Supply Chain
PO-1045,Post Invoice,2026-02-08 01:00:00,Fatima_AP,Supply Chain
PO-1045,Release Payment,2026-02-10 03:00:00,Robert_Treasurer,Supply Chain
PO-1046,Create PR,2026-02-06 16:48:00,Kavita_Buyer,Supply Chain
PO-1046,Approve PR,2026-02-06 19:48:00,David_Director,Supply Chain
PO-1046,Issue PO,2026-02-07 04:48:00,Nasser_Buyer,Supply Chain
PO-1046,Record GRN,2026-02-09 03:48:00,Michael_Warehouse,Supply Chain
PO-1046,Post Invoice,2026-02-09 18:48:00,Svetlana_AP,Supply Chain
PO-1046,Release Payment,2026-02-10 19:48:00,Grace_Disbursement,Supply Chain
PO-1047,Create PR,2026-02-07 08:36:00,Carlos_Ops,Supply Chain
PO-1047,Approve PR,2026-02-07 10:36:00,Sarah_DeptHead,Supply Chain
PO-1047,Issue PO,2026-02-07 19:36:00,Tariq_Buyer,Supply Chain
PO-1047,Record GRN,2026-02-10 14:36:00,Lucas_Receiving,Supply Chain
PO-1047,Post Invoice,2026-02-11 07:36:00,Amira_AP,Supply Chain
PO-1047,Release Payment,2026-02-13 13:36:00,Robert_Treasurer,Supply Chain
PO-1048,Create PR,2026-02-08 01:24:00,Carlos_Ops,IT Services
PO-1048,Approve PR,2026-02-08 07:24:00,Sarah_DeptHead,IT Services
PO-1048,Issue PO,2026-02-08 15:24:00,Tariq_Buyer,IT Services
PO-1048,Record GRN,2026-02-11 14:24:00,Li_Logistics,IT Services
PO-1048,Post Invoice,2026-02-12 10:24:00,Svetlana_AP,IT Services
PO-1048,Release Payment,2026-02-13 20:24:00,Zaid_Treasury,IT Services
PO-1049,Create PR,2026-02-08 19:12:00,Carlos_Ops,Manufacturing
PO-1049,Approve PR,2026-02-08 21:12:00,Sarah_DeptHead,Manufacturing
PO-1049,Issue PO,2026-02-09 04:12:00,Tariq_Buyer,Manufacturing
PO-1049,Post Invoice,2026-02-10 08:12:00,Svetlana_AP,Manufacturing
PO-1049,Release Payment,2026-02-11 22:12:00,Zaid_Treasury,Manufacturing
PO-1050,Create PR,2026-02-09 10:00:00,Elena_Staff,Manufacturing
PO-1050,Approve PR,2026-02-09 13:00:00,Sarah_DeptHead,Manufacturing
PO-1050,Issue PO,2026-02-09 23:00:00,Tariq_Buyer,Manufacturing
PO-1050,Record GRN,2026-02-12 23:00:00,Li_Logistics,Manufacturing
PO-1050,Post Invoice,2026-02-14 07:00:00,Amira_AP,Manufacturing
PO-1050,Release Payment,2026-02-16 10:00:00,Robert_Treasurer,Manufacturing
PO-1051,Post Invoice,2026-02-10 03:48:00,Svetlana_AP,Manufacturing
PO-1051,Create PR,2026-02-10 09:48:00,Kavita_Buyer,Manufacturing
PO-1051,Approve PR,2026-02-10 22:48:00,Sarah_DeptHead,Manufacturing
PO-1051,Release Payment,2026-02-12 17:48:00,Robert_Treasurer,Manufacturing
PO-1052,Create PR,2026-02-10 19:36:00,Ahmed_Requisitioner,Facilities
PO-1052,Issue PO,2026-02-11 01:36:00,Marcus_Purchaser,Facilities
PO-1052,Post Invoice,2026-02-11 19:36:00,Fatima_AP,Facilities
PO-1052,Approve PR,2026-02-13 08:36:00,Sarah_DeptHead,Facilities
PO-1052,Release Payment,2026-02-15 01:36:00,Zaid_Treasury,Facilities
PO-1053,Create PR,2026-02-11 11:24:00,Elena_Staff,Supply Chain
PO-1053,Approve PR,2026-02-11 17:24:00,David_Director,Supply Chain
PO-1053,Issue PO,2026-02-11 23:24:00,Nasser_Buyer,Supply Chain
PO-1053,Record GRN,2026-02-13 20:24:00,Li_Logistics,Supply Chain
PO-1053,Post Invoice,2026-02-14 09:24:00,Svetlana_AP,Supply Chain
PO-1053,Release Payment,2026-02-18 06:24:00,Robert_Treasurer,Supply Chain
PO-1054,Create PR,2026-02-12 04:12:00,Carlos_Ops,IT Services
PO-1054,Approve PR,2026-02-12 09:12:00,David_Director,IT Services
PO-1054,Issue PO,2026-02-12 17:12:00,Nasser_Buyer,IT Services
PO-1054,Record GRN,2026-02-15 12:12:00,Lucas_Receiving,IT Services
PO-1054,Post Invoice,2026-02-17 00:12:00,Amira_AP,IT Services
PO-1054,Release Payment,2026-02-20 05:12:00,Robert_Treasurer,IT Services
PO-1055,Create PR,2026-02-12 22:00:00,Elena_Staff,Corporate Marketing
PO-1055,Approve PR,2026-02-13 02:00:00,Sarah_DeptHead,Corporate Marketing
PO-1055,Issue PO,2026-02-13 11:00:00,Nasser_Buyer,Corporate Marketing
PO-1055,Record GRN,2026-02-15 19:00:00,Li_Logistics,Corporate Marketing
PO-1055,Post Invoice,2026-02-16 14:00:00,Fatima_AP,Corporate Marketing
PO-1055,Release Payment,2026-02-19 16:00:00,Robert_Treasurer,Corporate Marketing
PO-1056,Create PR,2026-02-13 13:48:00,Ahmed_Requisitioner,Manufacturing
PO-1056,Approve PR,2026-02-13 15:48:00,Sarah_DeptHead,Manufacturing
PO-1056,Issue PO,2026-02-14 03:48:00,Marcus_Purchaser,Manufacturing
PO-1056,Record GRN,2026-02-17 03:48:00,Lucas_Receiving,Manufacturing
PO-1056,Post Invoice,2026-02-17 23:48:00,Fatima_AP,Manufacturing
PO-1056,Release Payment,2026-02-19 05:48:00,Grace_Disbursement,Manufacturing
PO-1057,Create PR,2026-02-14 08:36:00,Carlos_Ops,IT Services
PO-1057,Approve PR,2026-02-14 11:36:00,David_Director,IT Services
PO-1057,Issue PO,2026-02-14 22:36:00,Tariq_Buyer,IT Services
PO-1057,Post Invoice,2026-02-15 23:36:00,Fatima_AP,IT Services
PO-1057,Release Payment,2026-02-18 01:36:00,Zaid_Treasury,IT Services
PO-1058,Post Invoice,2026-02-15 02:24:00,Fatima_AP,Facilities
PO-1058,Create PR,2026-02-15 10:24:00,Carlos_Ops,Facilities
PO-1058,Approve PR,2026-02-16 00:24:00,Jessica_VP,Facilities
PO-1058,Release Payment,2026-02-17 12:24:00,Grace_Disbursement,Facilities
PO-1059,Create PR,2026-02-15 19:12:00,Ahmed_Requisitioner,Facilities
PO-1059,Approve PR,2026-02-15 21:12:00,Sarah_DeptHead,Facilities
PO-1059,Issue PO,2026-02-16 03:12:00,Tariq_Buyer,Facilities
PO-1059,Record GRN,2026-02-18 06:12:00,Michael_Warehouse,Facilities
PO-1059,Post Invoice,2026-02-19 01:12:00,Svetlana_AP,Facilities
PO-1059,Release Payment,2026-02-22 02:12:00,Grace_Disbursement,Facilities
PO-1060,Create PR,2026-02-16 11:00:00,Kavita_Buyer,Facilities
PO-1060,Issue PO,2026-02-16 15:00:00,Nasser_Buyer,Facilities
PO-1060,Post Invoice,2026-02-17 09:00:00,Svetlana_AP,Facilities
PO-1060,Approve PR,2026-02-18 11:00:00,Sarah_DeptHead,Facilities
PO-1060,Release Payment,2026-02-19 21:00:00,Robert_Treasurer,Facilities
PO-1061,Create PR,2026-02-17 01:48:00,Kavita_Buyer,IT Services
PO-1061,Approve PR,2026-02-17 07:48:00,David_Director,IT Services
PO-1061,Issue PO,2026-02-17 18:48:00,Nasser_Buyer,IT Services
PO-1061,Record GRN,2026-02-19 02:48:00,Li_Logistics,IT Services
PO-1061,Post Invoice,2026-02-20 04:48:00,Svetlana_AP,IT Services
PO-1061,Release Payment,2026-02-22 08:48:00,Zaid_Treasury,IT Services
PO-1062,Create PR,2026-02-17 19:36:00,Ahmed_Requisitioner,Supply Chain
PO-1062,Approve PR,2026-02-17 22:36:00,David_Director,Supply Chain
PO-1062,Issue PO,2026-02-18 06:36:00,Tariq_Buyer,Supply Chain
PO-1062,Post Invoice,2026-02-19 03:36:00,Amira_AP,Supply Chain
PO-1062,Release Payment,2026-02-22 02:36:00,Zaid_Treasury,Supply Chain
PO-1063,Create PR,2026-02-18 13:24:00,Carlos_Ops,IT Services
PO-1063,Approve PR,2026-02-18 19:24:00,Sarah_DeptHead,IT Services
PO-1063,Issue PO,2026-02-19 00:24:00,Marcus_Purchaser,IT Services
PO-1063,Record GRN,2026-02-20 20:24:00,Li_Logistics,IT Services
PO-1063,Post Invoice,2026-02-22 02:24:00,Fatima_AP,IT Services
PO-1063,Release Payment,2026-02-24 22:24:00,Zaid_Treasury,IT Services
PO-1064,Create PR,2026-02-19 04:12:00,Kavita_Buyer,Facilities
PO-1064,Issue PO,2026-02-19 07:12:00,Tariq_Buyer,Facilities
PO-1064,Post Invoice,2026-02-19 16:12:00,Fatima_AP,Facilities
PO-1064,Approve PR,2026-02-21 11:12:00,David_Director,Facilities
PO-1064,Release Payment,2026-02-22 11:12:00,Zaid_Treasury,Facilities
PO-1065,Create PR,2026-02-19 23:00:00,Carlos_Ops,Corporate Marketing
PO-1065,Approve PR,2026-02-20 01:00:00,Sarah_DeptHead,Corporate Marketing
PO-1065,Issue PO,2026-02-20 06:00:00,Tariq_Buyer,Corporate Marketing
PO-1065,Record GRN,2026-02-21 15:00:00,Lucas_Receiving,Corporate Marketing
PO-1065,Post Invoice,2026-02-22 07:00:00,Amira_AP,Corporate Marketing
PO-1065,Release Payment,2026-02-24 15:00:00,Zaid_Treasury,Corporate Marketing
PO-1066,Create PR,2026-02-20 14:48:00,Ahmed_Requisitioner,Supply Chain
PO-1066,Approve PR,2026-02-20 18:48:00,Jessica_VP,Supply Chain
PO-1066,Issue PO,2026-02-21 03:48:00,Tariq_Buyer,Supply Chain
PO-1066,Record GRN,2026-02-23 05:48:00,Lucas_Receiving,Supply Chain
PO-1066,Post Invoice,2026-02-24 16:48:00,Amira_AP,Supply Chain
PO-1066,Release Payment,2026-02-27 00:48:00,Robert_Treasurer,Supply Chain
PO-1067,Create PR,2026-02-21 06:36:00,Carlos_Ops,Corporate Marketing
PO-1067,Approve PR,2026-02-21 09:36:00,Sarah_DeptHead,Corporate Marketing
PO-1067,Issue PO,2026-02-21 17:36:00,Marcus_Purchaser,Corporate Marketing
PO-1067,Post Invoice,2026-02-22 14:36:00,Fatima_AP,Corporate Marketing
PO-1067,Release Payment,2026-02-23 19:36:00,Grace_Disbursement,Corporate Marketing
PO-1068,Create PR,2026-02-22 01:24:00,Elena_Staff,IT Services
PO-1068,Approve PR,2026-02-22 05:24:00,Jessica_VP,IT Services
PO-1068,Issue PO,2026-02-22 15:24:00,Marcus_Purchaser,IT Services
PO-1068,Record GRN,2026-02-23 23:24:00,Michael_Warehouse,IT Services
PO-1068,Post Invoice,2026-02-24 12:24:00,Svetlana_AP,IT Services
PO-1068,Release Payment,2026-02-25 12:24:00,Robert_Treasurer,IT Services
PO-1069,Create PR,2026-02-22 17:12:00,Kavita_Buyer,Facilities
PO-1069,Approve PR,2026-02-22 19:12:00,Jessica_VP,Facilities
PO-1069,Issue PO,2026-02-23 05:12:00,Tariq_Buyer,Facilities
PO-1069,Record GRN,2026-02-24 11:12:00,Lucas_Receiving,Facilities
PO-1069,Post Invoice,2026-02-25 19:12:00,Fatima_AP,Facilities
PO-1069,Release Payment,2026-02-27 09:12:00,Robert_Treasurer,Facilities
PO-1070,Create PR,2026-02-23 11:00:00,Carlos_Ops,IT Services
PO-1070,Issue PO,2026-02-23 16:00:00,Marcus_Purchaser,IT Services
PO-1070,Post Invoice,2026-02-24 06:00:00,Svetlana_AP,IT Services
PO-1070,Approve PR,2026-02-25 09:00:00,David_Director,IT Services
PO-1070,Release Payment,2026-02-26 21:00:00,Robert_Treasurer,IT Services
PO-1071,Post Invoice,2026-02-24 02:48:00,Fatima_AP,Facilities
PO-1071,Create PR,2026-02-24 06:48:00,Ahmed_Requisitioner,Facilities
PO-1071,Approve PR,2026-02-24 18:48:00,David_Director,Facilities
PO-1071,Release Payment,2026-02-26 05:48:00,Grace_Disbursement,Facilities
PO-1072,Create PR,2026-02-24 18:36:00,Elena_Staff,IT Services
PO-1072,Approve PR,2026-02-24 23:36:00,Jessica_VP,IT Services
PO-1072,Issue PO,2026-02-25 03:36:00,Tariq_Buyer,IT Services
PO-1072,Record GRN,2026-02-28 01:36:00,Lucas_Receiving,IT Services
PO-1072,Post Invoice,2026-03-01 01:36:00,Fatima_AP,IT Services
PO-1072,Release Payment,2026-03-02 14:36:00,Zaid_Treasury,IT Services
PO-1073,Create PR,2026-02-25 14:24:00,Carlos_Ops,Supply Chain
PO-1073,Approve PR,2026-02-25 18:24:00,Sarah_DeptHead,Supply Chain
PO-1073,Issue PO,2026-02-26 05:24:00,Nasser_Buyer,Supply Chain
PO-1073,Record GRN,2026-02-28 18:24:00,Li_Logistics,Supply Chain
PO-1073,Post Invoice,2026-03-02 01:24:00,Svetlana_AP,Supply Chain
PO-1073,Release Payment,2026-03-05 17:24:00,Grace_Disbursement,Supply Chain
PO-1074,Create PR,2026-02-26 06:12:00,Ahmed_Requisitioner,Corporate Marketing
PO-1074,Approve PR,2026-02-26 11:12:00,Sarah_DeptHead,Corporate Marketing
PO-1074,Issue PO,2026-02-26 18:12:00,Tariq_Buyer,Corporate Marketing
PO-1074,Record GRN,2026-02-27 22:12:00,Li_Logistics,Corporate Marketing
PO-1074,Post Invoice,2026-03-01 01:12:00,Fatima_AP,Corporate Marketing
PO-1074,Release Payment,2026-03-02 02:12:00,Grace_Disbursement,Corporate Marketing
PO-1075,Create PR,2026-02-26 23:00:00,Elena_Staff,Supply Chain
PO-1075,Approve PR,2026-02-27 03:00:00,Sarah_DeptHead,Supply Chain
PO-1075,Issue PO,2026-02-27 09:00:00,Marcus_Purchaser,Supply Chain
PO-1075,Record GRN,2026-03-01 16:00:00,Lucas_Receiving,Supply Chain
PO-1075,Post Invoice,2026-03-03 01:00:00,Fatima_AP,Supply Chain
PO-1075,Release Payment,2026-03-06 12:00:00,Grace_Disbursement,Supply Chain
PO-1076,Create PR,2026-02-27 15:48:00,Elena_Staff,Facilities
PO-1076,Approve PR,2026-02-27 21:48:00,Sarah_DeptHead,Facilities
PO-1076,Issue PO,2026-02-28 02:48:00,Marcus_Purchaser,Facilities
PO-1076,Record GRN,2026-03-01 04:48:00,Li_Logistics,Facilities
PO-1076,Post Invoice,2026-03-02 08:48:00,Svetlana_AP,Facilities
PO-1076,Release Payment,2026-03-04 01:48:00,Robert_Treasurer,Facilities
PO-1077,Create PR,2026-02-28 06:36:00,Carlos_Ops,IT Services
PO-1077,Approve PR,2026-02-28 08:36:00,Sarah_DeptHead,IT Services
PO-1077,Issue PO,2026-02-28 14:36:00,Nasser_Buyer,IT Services
PO-1077,Record GRN,2026-03-02 12:36:00,Michael_Warehouse,IT Services
PO-1077,Post Invoice,2026-03-03 19:36:00,Fatima_AP,IT Services
PO-1077,Release Payment,2026-03-06 14:36:00,Zaid_Treasury,IT Services
PO-1078,Create PR,2026-02-28 23:24:00,Carlos_Ops,Supply Chain
PO-1078,Approve PR,2026-03-01 01:24:00,Jessica_VP,Supply Chain
PO-1078,Issue PO,2026-03-01 07:24:00,Marcus_Purchaser,Supply Chain
PO-1078,Record GRN,2026-03-03 21:24:00,Lucas_Receiving,Supply Chain
PO-1078,Post Invoice,2026-03-05 08:24:00,Amira_AP,Supply Chain
PO-1078,Release Payment,2026-03-06 22:24:00,Zaid_Treasury,Supply Chain
PO-1079,Create PR,2026-03-01 18:12:00,Ahmed_Requisitioner,IT Services
PO-1079,Approve PR,2026-03-02 00:12:00,Jessica_VP,IT Services
PO-1079,Issue PO,2026-03-02 04:12:00,Tariq_Buyer,IT Services
PO-1079,Record GRN,2026-03-03 09:12:00,Michael_Warehouse,IT Services
PO-1079,Post Invoice,2026-03-04 18:12:00,Amira_AP,IT Services
PO-1079,Release Payment,2026-03-07 20:12:00,Zaid_Treasury,IT Services
PO-1080,Create PR,2026-03-02 12:00:00,Kavita_Buyer,Manufacturing
PO-1080,Approve PR,2026-03-02 18:00:00,David_Director,Manufacturing
PO-1080,Issue PO,2026-03-03 06:00:00,Marcus_Purchaser,Manufacturing
PO-1080,Record GRN,2026-03-06 06:00:00,Lucas_Receiving,Manufacturing
PO-1080,Post Invoice,2026-03-07 04:00:00,Amira_AP,Manufacturing
PO-1080,Release Payment,2026-03-09 20:00:00,Grace_Disbursement,Manufacturing
PO-1081,Create PR,2026-03-03 04:48:00,Ahmed_Requisitioner,IT Services
PO-1081,Approve PR,2026-03-03 08:48:00,Jessica_VP,IT Services
PO-1081,Issue PO,2026-03-03 15:48:00,Tariq_Buyer,IT Services
PO-1081,Record GRN,2026-03-05 15:48:00,Michael_Warehouse,IT Services
PO-1081,Post Invoice,2026-03-07 03:48:00,Fatima_AP,IT Services
PO-1081,Release Payment,2026-03-08 06:48:00,Robert_Treasurer,IT Services
PO-1082,Create PR,2026-03-03 19:36:00,Elena_Staff,Manufacturing
PO-1082,Approve PR,2026-03-04 01:36:00,Jessica_VP,Manufacturing
PO-1082,Issue PO,2026-03-04 13:36:00,Nasser_Buyer,Manufacturing
PO-1082,Post Invoice,2026-03-05 22:36:00,Svetlana_AP,Manufacturing
PO-1082,Release Payment,2026-03-08 19:36:00,Robert_Treasurer,Manufacturing
PO-1083,Create PR,2026-03-04 12:24:00,Elena_Staff,IT Services
PO-1083,Approve PR,2026-03-04 15:24:00,Jessica_VP,IT Services
PO-1083,Issue PO,2026-03-04 22:24:00,Nasser_Buyer,IT Services
PO-1083,Post Invoice,2026-03-06 06:24:00,Svetlana_AP,IT Services
PO-1083,Release Payment,2026-03-08 09:24:00,Zaid_Treasury,IT Services
PO-1084,Create PR,2026-03-05 05:12:00,Elena_Staff,Manufacturing
PO-1084,Approve PR,2026-03-05 11:12:00,Jessica_VP,Manufacturing
PO-1084,Issue PO,2026-03-05 20:12:00,Tariq_Buyer,Manufacturing
PO-1084,Record GRN,2026-03-07 08:12:00,Li_Logistics,Manufacturing
PO-1084,Post Invoice,2026-03-08 12:12:00,Svetlana_AP,Manufacturing
PO-1084,Release Payment,2026-03-11 00:12:00,Grace_Disbursement,Manufacturing
PO-1085,Create PR,2026-03-06 00:00:00,Kavita_Buyer,Facilities
PO-1085,Approve PR,2026-03-06 03:00:00,David_Director,Facilities
PO-1085,Issue PO,2026-03-06 15:00:00,Nasser_Buyer,Facilities
PO-1085,Record GRN,2026-03-09 04:00:00,Lucas_Receiving,Facilities
PO-1085,Post Invoice,2026-03-10 13:00:00,Fatima_AP,Facilities
PO-1085,Release Payment,2026-03-12 11:00:00,Zaid_Treasury,Facilities
PO-1086,Create PR,2026-03-06 13:48:00,Carlos_Ops,Facilities
PO-1086,Approve PR,2026-03-06 15:48:00,David_Director,Facilities
PO-1086,Issue PO,2026-03-06 23:48:00,Nasser_Buyer,Facilities
PO-1086,Record GRN,2026-03-09 12:48:00,Lucas_Receiving,Facilities
PO-1086,Post Invoice,2026-03-10 06:48:00,Svetlana_AP,Facilities
PO-1086,Release Payment,2026-03-14 01:48:00,Zaid_Treasury,Facilities
PO-1087,Create PR,2026-03-07 06:36:00,Carlos_Ops,Manufacturing
PO-1087,Approve PR,2026-03-07 12:36:00,Sarah_DeptHead,Manufacturing
PO-1087,Issue PO,2026-03-07 16:36:00,Nasser_Buyer,Manufacturing
PO-1087,Record GRN,2026-03-09 01:36:00,Lucas_Receiving,Manufacturing
PO-1087,Post Invoice,2026-03-10 09:36:00,Svetlana_AP,Manufacturing
PO-1087,Release Payment,2026-03-11 12:36:00,Robert_Treasurer,Manufacturing
PO-1088,Create PR,2026-03-08 00:24:00,Ahmed_Requisitioner,IT Services
PO-1088,Approve PR,2026-03-08 03:24:00,David_Director,IT Services
PO-1088,Issue PO,2026-03-08 08:24:00,Marcus_Purchaser,IT Services
PO-1088,Record GRN,2026-03-09 12:24:00,Lucas_Receiving,IT Services
PO-1088,Post Invoice,2026-03-10 01:24:00,Fatima_AP,IT Services
PO-1088,Release Payment,2026-03-11 10:24:00,Robert_Treasurer,IT Services
PO-1089,Create PR,2026-03-08 19:12:00,Ahmed_Requisitioner,Facilities
PO-1089,Approve PR,2026-03-09 00:12:00,Sarah_DeptHead,Facilities
PO-1089,Issue PO,2026-03-09 04:12:00,Nasser_Buyer,Facilities
PO-1089,Record GRN,2026-03-10 14:12:00,Li_Logistics,Facilities
PO-1089,Post Invoice,2026-03-11 09:12:00,Fatima_AP,Facilities
PO-1089,Release Payment,2026-03-12 21:12:00,Grace_Disbursement,Facilities
PO-1090,Create PR,2026-03-09 10:00:00,Kavita_Buyer,Manufacturing
PO-1090,Approve PR,2026-03-09 14:00:00,David_Director,Manufacturing
PO-1090,Issue PO,2026-03-09 18:00:00,Tariq_Buyer,Manufacturing
PO-1090,Record GRN,2026-03-11 18:00:00,Michael_Warehouse,Manufacturing
PO-1090,Post Invoice,2026-03-12 13:00:00,Fatima_AP,Manufacturing
PO-1090,Release Payment,2026-03-16 08:00:00,Grace_Disbursement,Manufacturing
PO-1091,Create PR,2026-03-10 02:48:00,Carlos_Ops,Manufacturing
PO-1091,Approve PR,2026-03-10 08:48:00,Sarah_DeptHead,Manufacturing
PO-1091,Issue PO,2026-03-10 20:48:00,Nasser_Buyer,Manufacturing
PO-1091,Record GRN,2026-03-11 21:48:00,Michael_Warehouse,Manufacturing
PO-1091,Post Invoice,2026-03-12 09:48:00,Amira_AP,Manufacturing
PO-1091,Release Payment,2026-03-13 23:48:00,Zaid_Treasury,Manufacturing
PO-1092,Create PR,2026-03-10 18:36:00,Elena_Staff,Manufacturing
PO-1092,Approve PR,2026-03-10 21:36:00,Jessica_VP,Manufacturing
PO-1092,Issue PO,2026-03-11 09:36:00,Marcus_Purchaser,Manufacturing
PO-1092,Record GRN,2026-03-13 05:36:00,Michael_Warehouse,Manufacturing
PO-1092,Post Invoice,2026-03-14 10:36:00,Amira_AP,Manufacturing
PO-1092,Release Payment,2026-03-17 20:36:00,Grace_Disbursement,Manufacturing
PO-1093,Create PR,2026-03-11 12:24:00,Elena_Staff,Supply Chain
PO-1093,Approve PR,2026-03-11 18:24:00,Jessica_VP,Supply Chain
PO-1093,Issue PO,2026-03-12 05:24:00,Marcus_Purchaser,Supply Chain
PO-1093,Record GRN,2026-03-14 15:24:00,Michael_Warehouse,Supply Chain
PO-1093,Post Invoice,2026-03-16 00:24:00,Svetlana_AP,Supply Chain
PO-1093,Release Payment,2026-03-19 19:24:00,Zaid_Treasury,Supply Chain
PO-1094,Create PR,2026-03-12 07:12:00,Elena_Staff,Facilities
PO-1094,Approve PR,2026-03-12 11:12:00,Jessica_VP,Facilities
PO-1094,Issue PO,2026-03-12 20:12:00,Marcus_Purchaser,Facilities
PO-1094,Record GRN,2026-03-14 19:12:00,Michael_Warehouse,Facilities
PO-1094,Post Invoice,2026-03-15 13:12:00,Svetlana_AP,Facilities
PO-1094,Release Payment,2026-03-17 15:12:00,Zaid_Treasury,Facilities
PO-1095,Create PR,2026-03-13 00:00:00,Ahmed_Requisitioner,IT Services
PO-1095,Approve PR,2026-03-13 06:00:00,Jessica_VP,IT Services
PO-1095,Issue PO,2026-03-13 15:00:00,Marcus_Purchaser,IT Services
PO-1095,Record GRN,2026-03-15 18:00:00,Michael_Warehouse,IT Services
PO-1095,Post Invoice,2026-03-17 02:00:00,Amira_AP,IT Services
PO-1095,Release Payment,2026-03-18 06:00:00,Zaid_Treasury,IT Services
PO-1096,Create PR,2026-03-13 13:48:00,Carlos_Ops,Supply Chain
PO-1096,Approve PR,2026-03-13 18:48:00,Sarah_DeptHead,Supply Chain
PO-1096,Issue PO,2026-03-14 03:48:00,Nasser_Buyer,Supply Chain
PO-1096,Record GRN,2026-03-15 20:48:00,Lucas_Receiving,Supply Chain
PO-1096,Post Invoice,2026-03-16 13:48:00,Fatima_AP,Supply Chain
PO-1096,Release Payment,2026-03-19 17:48:00,Robert_Treasurer,Supply Chain
PO-1097,Create PR,2026-03-14 07:36:00,Kavita_Buyer,Manufacturing
PO-1097,Approve PR,2026-03-14 09:36:00,Jessica_VP,Manufacturing
PO-1097,Issue PO,2026-03-14 15:36:00,Marcus_Purchaser,Manufacturing
PO-1097,Record GRN,2026-03-17 14:36:00,Li_Logistics,Manufacturing
PO-1097,Post Invoice,2026-03-18 11:36:00,Fatima_AP,Manufacturing
PO-1097,Release Payment,2026-03-21 13:36:00,Zaid_Treasury,Manufacturing
PO-1098,Create PR,2026-03-15 01:24:00,Kavita_Buyer,Manufacturing
PO-1098,Approve PR,2026-03-15 04:24:00,Jessica_VP,Manufacturing
PO-1098,Issue PO,2026-03-15 13:24:00,Marcus_Purchaser,Manufacturing
PO-1098,Record GRN,2026-03-17 02:24:00,Michael_Warehouse,Manufacturing
PO-1098,Post Invoice,2026-03-17 15:24:00,Fatima_AP,Manufacturing
PO-1098,Release Payment,2026-03-19 15:24:00,Zaid_Treasury,Manufacturing
PO-1099,Create PR,2026-03-15 16:12:00,Elena_Staff,Supply Chain
PO-1099,Approve PR,2026-03-15 21:12:00,Sarah_DeptHead,Supply Chain
PO-1099,Issue PO,2026-03-16 02:12:00,Nasser_Buyer,Supply Chain
PO-1099,Record GRN,2026-03-17 14:12:00,Michael_Warehouse,Supply Chain
PO-1099,Post Invoice,2026-03-18 05:12:00,Amira_AP,Supply Chain
PO-1099,Release Payment,2026-03-21 08:12:00,Robert_Treasurer,Supply Chain
PO-1100,Create PR,2026-03-16 09:00:00,Ahmed_Requisitioner,Manufacturing
PO-1100,Approve PR,2026-03-16 15:00:00,David_Director,Manufacturing
PO-1100,Issue PO,2026-03-16 20:00:00,Tariq_Buyer,Manufacturing
PO-1100,Record GRN,2026-03-18 04:00:00,Lucas_Receiving,Manufacturing
PO-1100,Post Invoice,2026-03-19 05:00:00,Fatima_AP,Manufacturing
PO-1100,Release Payment,2026-03-22 08:00:00,Grace_Disbursement,Manufacturing
