vendor_id,invoice_no,amount,date,user_id,approver_id
V-101,INV-8801,14500.00,2026-02-03,USR-01,APPR-05
V-101,INV-8801,14500.00,2026-02-08,USR-01,APPR-05
V-102,INV-9901,9800.00,2026-02-10,USR-03,APPR-02
V-102,INV-9902,9950.00,2026-02-10,USR-03,APPR-02
V-103,INV-4412,25000.00,2026-02-14,USR-04,
V-104,INV-1234,50000.00,2026-02-15,USR-02,APPR-01
V-105,INV-7731,12000.00,2026-02-18,USR-05,APPR-03
V-106,INV-9021,4500.00,2026-02-21,USR-02,APPR-04
V-107,INV-6542,10000.00,2026-02-22,USR-03,APPR-02
V-108,INV-3321,8750.50,2026-02-24,USR-01,APPR-05
