vendor_id,invoice_no,amount,date,user_id,approver_id,po_number,po_qty,receipt_qty,inv_qty,po_price,inv_price,document_no
V-131,INV-10623,294.35,2025-06-19,USR-18,APPR-01,PO-40622,145,145,145,2.03,2.03,50001
V-131,INV-10882,52336.35,2025-09-01,USR-09,APPR-03,PO-40881,109,109,109,480.15,480.15,50002
V-138,INV-WKD-59,500.0,2025-01-18,USR-18,APPR-01,PO-40058,40,40,40,12.5,12.5,50003
V-150,INV-10710,1672.32,2026-02-04,USR-15,APPR-02,PO-40709,134,134,134,12.48,12.48,50004
V-102,INV-SPLIT-11,9800.0,2026-02-10,USR-20,APPR-05,PO-40016,50,50,50,196.0,196.0,50005
V-109,INV-10718,1442.7,2025-04-28,USR-17,APPR-03,PO-40717,42,42,42,34.35,34.35,50006
V-123,INV-10723,150.04,2025-05-14,USR-10,APPR-08,PO-40722,44,44,44,3.41,3.41,50007
V-113,INV-10704,155.15,2026-01-05,USR-05,APPR-03,PO-40703,107,107,107,1.45,1.45,50008
V-134,INV-10562,71197.8,2025-09-01,USR-10,APPR-07,PO-40561,107,107,107,665.4,665.4,50009
V-151,INV-10342,149.76,2025-11-28,USR-10,APPR-04,PO-40341,96,96,96,1.56,1.56,50010
V-128,INV-10193,228.9,2025-01-24,USR-05,APPR-04,PO-40192,105,105,105,2.18,2.18,50011
V-156,INV-10711,4630.91,2025-07-15,USR-06,APPR-06,PO-40710,47,47,47,98.53,98.53,50012
V-112,INV-WKD-53,1140.04,2026-03-07,USR-09,APPR-08,PO-40052,40,40,40,28.5,28.5,50013
V-103,INV-10527,2369.64,2025-04-07,USR-09,APPR-08,PO-40526,124,124,124,19.11,19.11,50014
V-114,INV-10532,8172.84,2025-03-03,USR-07,APPR-03,PO-40531,52,52,52,157.17,157.17,50015
V-104,INV-10927,746.38,2025-07-14,USR-14,APPR-03,PO-40926,134,134,134,5.57,5.57,50016
V-129,INV-10951,85029.75,2025-08-04,USR-01,APPR-05,PO-40950,117,117,117,726.75,726.75,50017
V-156,INV-10188,870.96,2025-09-29,USR-05,APPR-02,PO-40187,114,114,114,7.64,7.64,50018
V-152,INV-10878,12361.44,2026-02-18,USR-17,APPR-01,PO-40877,56,56,56,220.74,220.74,50019
V-111,INV-DUP-8801,18500.0,2025-01-14,USR-09,APPR-04,PO-40000,100,100,100,185.0,185.0,50020
V-116,INV-10701,4187.26,2025-07-07,USR-09,APPR-08,PO-40700,77,77,77,54.38,54.38,50021
V-102,INV-SPLIT-12,9950.0,2026-02-10,USR-02,APPR-08,PO-40017,50,50,50,199.0,199.0,50022
V-125,INV-10780,39921.98,2025-10-08,USR-19,APPR-01,PO-40779,14,14,14,2851.57,2851.57,50023
V-152,INV-RND-82,12000.0,2026-03-19,USR-06,APPR-07,PO-40081,20,20,20,600.0,600.0,50024
V-115,INV-DUP-8805,9200.0,2025-02-18,USR-19,APPR-05,PO-40009,100,100,100,92.0,92.0,50025
V-139,INV-10201,8774.72,2026-03-03,USR-12,APPR-04,PO-40200,68,68,68,129.04,129.04,50026
V-144,INV-RND-89,50000.0,2025-06-30,USR-18,APPR-06,PO-40088,20,20,20,2500.0,2500.0,50027
V-159,INV-10200,37782.36,2025-01-06,USR-20,APPR-08,PO-40199,22,22,22,1717.38,1717.38,50028
V-137,INV-10709,29630.4,2025-03-04,USR-19,APPR-03,PO-40708,60,60,60,493.84,493.84,50029
V-118,INV-DUP-8808,18500.0,2025-03-04,USR-12,APPR-06,PO-40015,100,100,100,185.0,185.0,50030
V-159,INV-10828,1833.48,2026-03-03,USR-16,APPR-01,PO-40827,132,132,132,13.89,13.89,50031
V-152,INV-10961,5895.21,2025-11-28,USR-19,APPR-08,PO-40960,47,47,47,125.43,125.43,50032
V-117,INV-UNAPPR-133,1200.0,2025-12-09,USR-12,,PO-40132,30,30,30,40.0,40.0,50033
V-158,INV-10626,6486.35,2025-09-22,USR-07,APPR-06,PO-40625,85,85,85,76.31,76.31,50034
V-120,INV-10830,60560.5,2026-02-06,USR-19,APPR-06,PO-40829,143,143,143,423.5,423.5,50035
V-101,INV-10602,31345.6,2025-12-04,USR-17,APPR-01,PO-40601,137,137,137,228.8,228.8,50036
V-137,INV-10941,59460.48,2025-08-07,USR-07,APPR-02,PO-40940,148,148,148,401.76,401.76,50037
V-116,INV-10273,529.76,2025-02-26,USR-14,APPR-08,PO-40272,22,22,22,24.08,24.08,50038
V-157,INV-10987,2138.97,2025-06-30,USR-20,APPR-06,PO-40986,123,123,123,17.39,17.39,50039
V-114,INV-10968,2873.28,2025-06-30,USR-15,APPR-07,PO-40967,32,32,32,89.79,89.79,50040
V-133,INV-RND-72,25000.0,2025-12-18,USR-16,APPR-05,PO-40071,20,20,20,1250.0,1250.0,50041
V-142,INV-10459,474.3,2025-09-23,USR-02,APPR-04,PO-40458,85,85,85,5.58,5.58,50042
V-141,INV-10903,13900.53,2025-12-05,USR-12,APPR-08,PO-40902,37,37,37,375.69,375.69,50043
V-160,INV-10420,267.28,2026-03-11,USR-08,APPR-03,PO-40419,52,52,52,5.14,5.14,50044
V-107,INV-10198,799.33,2025-08-22,USR-08,APPR-07,PO-40197,133,133,133,6.01,6.01,50045
V-144,INV-10370,305.28,2025-02-17,USR-20,APPR-01,PO-40369,106,106,106,2.88,2.88,50046
V-130,INV-10938,57472.16,2025-03-24,USR-15,APPR-03,PO-40937,16,16,16,3592.01,3592.01,50047
V-133,INV-RND-96,30000.0,2026-01-05,USR-10,APPR-07,PO-40095,20,20,20,1500.0,1500.0,50048
V-127,INV-10806,65463.2,2025-04-03,USR-11,APPR-08,PO-40805,110,110,110,595.12,595.12,50049
V-156,INV-10175,1323.23,2025-08-21,USR-17,APPR-01,PO-40174,113,113,113,11.71,11.71,50050
V-117,INV-10665,361.2,2026-02-11,USR-06,APPR-06,PO-40664,140,140,140,2.58,2.58,50051
V-118,INV-10876,3252.15,2025-03-06,USR-09,APPR-01,PO-40875,81,81,81,40.15,40.15,50052
V-122,INV-10255,36472.54,2025-12-15,USR-04,APPR-07,PO-40254,26,26,26,1402.79,1402.79,50053
V-104,INV-10266,61383.74,2025-03-24,USR-16,APPR-06,PO-40265,74,74,74,829.51,829.51,50054
V-111,INV-10954,288.64,2025-08-25,USR-09,APPR-04,PO-40953,88,88,88,3.28,3.28,50055
V-124,INV-10653,1231.23,2025-01-21,USR-08,APPR-01,PO-40652,77,77,77,15.99,15.99,50056
V-159,INV-10375,14694.68,2025-08-27,USR-07,APPR-06,PO-40374,91,91,91,161.48,161.48,50057
V-159,INV-10648,3768.32,2026-02-23,USR-02,APPR-05,PO-40647,64,64,64,58.88,58.88,50058
V-125,INV-10359,25443.42,2025-06-02,USR-08,APPR-04,PO-40358,146,146,146,174.27,174.27,50059
V-134,INV-10721,37488.22,2025-10-30,USR-18,APPR-05,PO-40720,121,121,121,309.82,309.82,50060
V-116,INV-10909,10190.67,2026-01-12,USR-05,APPR-01,PO-40908,21,21,21,485.27,485.27,50061
V-149,INV-10271,1695.6,2025-03-12,USR-16,APPR-08,PO-40270,45,45,45,37.68,37.68,50062
V-113,INV-10858,3614.6,2025-08-20,USR-07,APPR-06,PO-40857,124,124,124,29.15,29.15,50063
V-119,INV-10727,12395.1,2025-05-15,USR-18,APPR-05,PO-40726,79,79,79,156.9,156.9,50064
V-122,INV-10557,57080.12,2025-07-18,USR-08,APPR-08,PO-40556,58,58,58,984.14,984.14,50065
V-143,INV-RND-80,20000.0,2025-12-16,USR-04,APPR-06,PO-40079,20,20,20,1000.0,1000.0,50066
V-104,INV-10979,21354.72,2025-06-13,USR-09,APPR-06,PO-40978,51,51,51,418.72,418.72,50067
V-132,INV-10402,226.98,2025-12-17,USR-05,APPR-02,PO-40401,78,78,78,2.91,2.91,50068
V-115,INV-WKD-45,7120.88,2025-03-15,USR-03,APPR-06,PO-40044,40,40,40,178.02,178.02,50069
V-150,INV-10747,161.71,2026-01-12,USR-20,APPR-04,PO-40746,103,103,103,1.57,1.57,50070
V-145,INV-10720,3548.16,2026-03-23,USR-18,APPR-03,PO-40719,44,44,44,80.64,80.64,50071
V-122,INV-10480,1635.36,2025-01-13,USR-01,APPR-07,PO-40479,12,12,12,136.28,136.28,50072
V-101,INV-10477,7326.9,2025-08-27,USR-12,APPR-04,PO-40476,126,126,126,58.15,58.15,50073
V-116,INV-UNAPPR-143,5321.98,2026-02-27,USR-03,,PO-40142,30,30,30,177.4,177.4,50074
V-132,INV-10578,5160.0,2025-07-03,USR-07,APPR-08,PO-40577,150,150,150,34.4,34.4,50075
V-107,INV-10842,149.46,2025-03-18,USR-07,APPR-06,PO-40841,141,141,141,1.06,1.06,50076
V-106,INV-WKD-41,500.0,2025-03-16,USR-03,APPR-08,PO-40040,40,40,40,12.5,12.5,50077
V-122,INV-RND-74,1000.0,2025-01-23,USR-05,APPR-05,PO-40073,20,20,20,50.0,50.0,50078
V-134,INV-10621,6524.79,2025-02-07,USR-03,APPR-03,PO-40620,57,57,57,114.47,114.47,50079
V-141,INV-10631,6407.5,2025-10-22,USR-13,APPR-07,PO-40630,125,125,125,51.26,51.26,50080
V-115,INV-10195,4911.88,2025-11-14,USR-15,APPR-05,PO-40194,46,46,46,106.78,106.78,50081
V-109,INV-10492,601.26,2026-02-16,USR-07,APPR-07,PO-40491,66,66,66,9.11,9.11,50082
V-145,INV-3WM-156,4950.54,2025-05-21,USR-05,APPR-08,PO-40155,63,63,63,65.93,78.58,50083
V-149,INV-10930,1458.03,2025-05-26,USR-11,APPR-04,PO-40929,53,53,53,27.51,27.51,50084
V-124,INV-10269,8053.68,2025-06-30,USR-08,APPR-07,PO-40268,138,138,138,58.36,58.36,50085
V-148,INV-10685,22002.89,2025-12-09,USR-03,APPR-02,PO-40684,13,13,13,1692.53,1692.53,50086
V-115,INV-10191,16843.19,2025-11-13,USR-03,APPR-07,PO-40190,83,83,83,202.93,202.93,50087
V-132,INV-10694,7182.72,2025-04-22,USR-07,APPR-04,PO-40693,58,58,58,123.84,123.84,50088
V-107,INV-WKD-52,2799.79,2025-04-12,USR-08,APPR-04,PO-40051,40,40,40,69.99,69.99,50089
V-131,INV-10418,251.46,2025-06-09,USR-04,APPR-08,PO-40417,99,99,99,2.54,2.54,50090
V-127,INV-UNAPPR-139,3012.64,2025-02-05,USR-16,,PO-40138,30,30,30,100.42,100.42,50091
V-160,INV-10995,10043.25,2025-05-26,USR-07,APPR-08,PO-40994,35,35,35,286.95,286.95,50092
V-146,INV-RND-71,15000.0,2025-11-06,USR-11,APPR-04,PO-40070,20,20,20,750.0,750.0,50093
V-109,INV-10177,220.5,2025-11-17,USR-10,APPR-08,PO-40176,150,150,150,1.47,1.47,50094
V-146,INV-10862,23942.1,2025-05-01,USR-13,APPR-07,PO-40861,91,91,91,263.1,263.1,50095
V-144,INV-10690,1960.88,2026-01-30,USR-15,APPR-01,PO-40689,127,127,127,15.44,15.44,50096
V-154,INV-10212,587.65,2025-10-28,USR-16,APPR-07,PO-40211,35,35,35,16.79,16.79,50098
V-160,INV-10369,150.0,2025-07-18,USR-15,APPR-06,PO-40368,30,30,30,5.0,5.0,50099
V-101,INV-10590,43848.35,2025-06-27,USR-06,APPR-08,PO-40589,23,23,23,1906.45,1906.45,50100
V-154,INV-10279,13384.98,2025-03-10,USR-15,APPR-08,PO-40278,54,54,54,247.87,247.87,50101
V-111,INV-10448,19093.02,2025-08-08,USR-09,APPR-02,PO-40447,87,87,87,219.46,219.46,50102
V-131,INV-10947,25266.25,2025-06-26,USR-18,APPR-05,PO-40946,41,41,41,616.25,616.25,50103
V-143,INV-10991,1043.13,2025-08-29,USR-01,APPR-02,PO-40990,87,87,87,11.99,11.99,50104
V-114,INV-WKD-43,14230.96,2025-11-23,USR-18,APPR-04,PO-40042,40,40,40,355.77,355.77,50105
V-119,INV-10611,1749.3,2025-12-10,USR-09,APPR-03,PO-40610,51,51,51,34.3,34.3,50106
V-142,INV-WKD-51,20541.66,2025-09-07,USR-04,APPR-01,PO-40050,40,40,40,513.54,513.54,50107
V-101,INV-10382,353.05,2025-12-04,USR-01,APPR-05,PO-40381,115,115,115,3.07,3.07,50108
V-136,INV-10773,3394.8,2025-09-04,USR-20,APPR-04,PO-40772,60,60,60,56.58,56.58,50109
V-102,INV-10506,305.58,2025-03-31,USR-17,APPR-08,PO-40505,66,66,66,4.63,4.63,50110
V-138,INV-WKD-32,45000.0,2025-10-26,USR-14,APPR-07,PO-40031,40,40,40,1125.0,1125.0,50111
V-110,INV-10489,50403.21,2026-03-02,USR-03,APPR-04,PO-40488,93,93,93,541.97,541.97,50112
V-147,INV-10234,2157.36,2025-07-14,USR-11,APPR-02,PO-40233,89,89,89,24.24,24.24,50113
V-152,INV-10531,10347.54,2025-06-03,USR-19,APPR-03,PO-40530,142,142,142,72.87,72.87,50114
V-126,INV-10225,240.66,2025-08-11,USR-14,APPR-02,PO-40224,126,126,126,1.91,1.91,50115
V-102,INV-10625,8256.58,2026-02-12,USR-17,APPR-06,PO-40624,82,82,82,100.69,100.69,50116
V-114,INV-10575,22527.26,2025-08-18,USR-01,APPR-05,PO-40574,49,49,49,459.74,459.74,50117
V-124,INV-10649,74720.64,2025-10-06,USR-13,APPR-04,PO-40648,48,48,48,1556.68,1556.68,50118
V-157,INV-RND-90,7500.0,2025-01-15,USR-09,APPR-03,PO-40089,20,20,20,375.0,375.0,50119
V-155,INV-10540,1310.85,2025-07-10,USR-04,APPR-04,PO-40539,135,135,135,9.71,9.71,50120
V-117,INV-10277,763.35,2025-07-21,USR-01,APPR-06,PO-40276,105,105,105,7.27,7.27,50121
V-138,INV-10978,583.44,2025-09-22,USR-02,APPR-03,PO-40977,51,51,51,11.44,11.44,50122
V-153,INV-10333,44790.47,2025-08-15,USR-18,APPR-05,PO-40332,61,61,61,734.27,734.27,50123
V-158,INV-10302,22254.24,2025-03-24,USR-10,APPR-02,PO-40301,142,142,142,156.72,156.72,50124
V-151,INV-10296,212.28,2026-02-11,USR-05,APPR-04,PO-40295,61,61,61,3.48,3.48,50125
V-108,INV-10838,5386.81,2025-04-16,USR-01,APPR-05,PO-40837,143,143,143,37.67,37.67,50126
V-159,INV-10942,79320.96,2025-11-14,USR-12,APPR-01,PO-40941,141,141,141,562.56,562.56,50127
V-121,INV-10443,8454.06,2025-12-22,USR-19,APPR-01,PO-40442,134,134,134,63.09,63.09,50128
V-109,INV-10928,8177.4,2025-04-21,USR-15,APPR-04,PO-40927,105,105,105,77.88,77.88,50129
V-157,INV-10339,2186.52,2026-03-05,USR-02,APPR-01,PO-40338,84,84,84,26.03,26.03,50130
V-148,INV-10629,67751.32,2025-10-03,USR-05,APPR-01,PO-40628,28,28,28,2419.69,2419.69,50131
V-130,INV-10297,3553.68,2026-02-09,USR-18,APPR-03,PO-40296,104,104,104,34.17,34.17,50132
V-116,INV-10367,174.23,2025-03-18,USR-08,APPR-05,PO-40366,131,131,131,1.33,1.33,50133
V-143,INV-10897,10008.63,2025-09-12,USR-13,APPR-05,PO-40896,19,19,19,526.77,526.77,50134
V-128,INV-10484,658.5,2025-11-24,USR-05,APPR-04,PO-40483,25,25,25,26.34,26.34,50135
V-149,INV-10634,6605.92,2025-05-29,USR-15,APPR-07,PO-40633,82,82,82,80.56,80.56,50136
V-127,INV-10793,1879.1,2026-01-08,USR-10,APPR-08,PO-40792,115,115,115,16.34,16.34,50137
V-114,INV-DUP-8804,7840.5,2025-03-16,USR-01,APPR-04,PO-40006,100,100,100,78.41,78.41,50138
V-142,INV-UNAPPR-141,1200.0,2025-12-29,USR-09,,PO-40140,30,30,30,40.0,40.0,50139
V-158,INV-10264,3965.0,2025-04-30,USR-07,APPR-06,PO-40263,130,130,130,30.5,30.5,50140
V-114,INV-10462,10675.28,2026-01-30,USR-02,APPR-01,PO-40461,77,77,77,138.64,138.64,50141
V-118,INV-10541,14430.2,2025-03-10,USR-14,APPR-02,PO-40540,92,92,92,156.85,156.85,50142
V-138,INV-10953,27867.98,2025-10-24,USR-17,APPR-08,PO-40952,134,134,134,207.97,207.97,50143
V-122,INV-10913,675.54,2025-06-16,USR-03,APPR-02,PO-40912,54,54,54,12.51,12.51,50144
V-118,INV-10457,10449.95,2025-06-30,USR-03,APPR-04,PO-40456,73,73,73,143.15,143.15,50145
V-113,INV-10682,64943.16,2026-02-02,USR-17,APPR-05,PO-40681,12,12,12,5411.93,5411.93,50146
V-103,INV-10612,1203.24,2026-03-06,USR-12,APPR-08,PO-40611,148,148,148,8.13,8.13,50147
V-139,INV-10918,160.36,2025-07-30,USR-06,APPR-08,PO-40917,19,19,19,8.44,8.44,50148
V-160,INV-10986,211.56,2025-08-04,USR-01,APPR-08,PO-40985,43,43,43,4.92,4.92,50149
V-141,INV-10840,53124.1,2025-09-24,USR-07,APPR-06,PO-40839,89,89,89,596.9,596.9,50150
V-108,INV-10861,699.93,2025-07-09,USR-10,APPR-01,PO-40860,101,101,101,6.93,6.93,50151
V-149,INV-THR-104,9905.3,2025-02-17,USR-08,APPR-05,PO-40103,25,25,25,396.21,396.21,50152
V-144,INV-10353,3563.52,2025-03-10,USR-10,APPR-01,PO-40352,128,128,128,27.84,27.84,50153
V-101,INV-10218,18663.72,2026-02-13,USR-12,APPR-04,PO-40217,43,43,43,434.04,434.04,50154
V-156,INV-10440,10450.4,2025-03-11,USR-05,APPR-03,PO-40439,80,80,80,130.63,130.63,50155
V-145,INV-10739,157.2,2026-02-09,USR-20,APPR-03,PO-40738,131,131,131,1.2,1.2,50156
V-125,INV-10186,59133.55,2025-06-12,USR-05,APPR-08,PO-40185,107,107,107,552.65,552.65,50157
V-148,INV-10926,6227.9,2025-04-28,USR-14,APPR-04,PO-40925,70,70,70,88.97,88.97,50158
V-111,INV-DUP-8801,18500.0,2025-01-28,USR-09,APPR-04,PO-40001,100,100,100,185.0,185.0,50159
V-158,INV-10520,772.5,2025-03-31,USR-03,APPR-06,PO-40519,150,150,150,5.15,5.15,50160
V-124,INV-10473,724.1,2025-01-23,USR-13,APPR-03,PO-40472,130,130,130,5.57,5.57,50161
V-134,INV-10460,249.48,2025-09-11,USR-01,APPR-06,PO-40459,28,28,28,8.91,8.91,50162
V-118,INV-10464,25365.34,2025-12-26,USR-03,APPR-05,PO-40463,49,49,49,517.66,517.66,50163
V-106,INV-10494,14433.72,2025-02-03,USR-11,APPR-02,PO-40493,42,42,42,343.66,343.66,50164
V-143,INV-10555,388.72,2025-03-18,USR-11,APPR-03,PO-40554,113,113,113,3.44,3.44,50165
V-160,INV-10752,27177.67,2025-01-27,USR-07,APPR-08,PO-40751,13,13,13,2090.59,2090.59,50166
V-153,INV-3WM-168,10862.08,2025-02-06,USR-19,APPR-05,PO-40167,128,128,128,70.87,84.86,50167
V-114,INV-10572,222.31,2026-02-20,USR-01,APPR-03,PO-40571,43,43,43,5.17,5.17,50168
V-135,INV-10627,149.94,2025-09-22,USR-01,APPR-02,PO-40626,147,147,147,1.02,1.02,50169
V-126,INV-10935,50336.75,2025-08-29,USR-16,APPR-02,PO-40934,145,145,145,347.15,347.15,50170
V-153,INV-10679,20052.78,2025-03-24,USR-05,APPR-08,PO-40678,33,33,33,607.66,607.66,50171
V-116,INV-3WM-160,47964.09,2025-03-18,USR-04,APPR-07,PO-40159,127,127,127,333.9,377.67,50172
V-144,INV-10609,1561.36,2025-12-30,USR-18,APPR-05,PO-40608,116,116,116,13.46,13.46,50173
V-159,INV-10172,5519.01,2026-01-26,USR-09,APPR-03,PO-40171,123,123,123,44.87,44.87,50174
V-139,INV-10795,56168.76,2025-01-14,USR-08,APPR-04,PO-40794,69,69,69,814.04,814.04,50175
V-124,INV-10943,2618.26,2025-02-26,USR-06,APPR-02,PO-40942,103,103,103,25.42,25.42,50176
V-140,INV-RND-81,60000.0,2026-02-04,USR-05,APPR-04,PO-40080,20,20,20,3000.0,3000.0,50177
V-116,INV-10213,1216.47,2025-05-26,USR-12,APPR-02,PO-40212,123,123,123,9.89,9.89,50178
V-107,INV-10949,228.52,2025-02-11,USR-06,APPR-05,PO-40948,29,29,29,7.88,7.88,50179
V-134,INV-10802,286.56,2025-08-20,USR-18,APPR-07,PO-40801,72,72,72,3.98,3.98,50180
V-150,INV-10601,28373.64,2026-01-23,USR-15,APPR-08,PO-40600,41,41,41,692.04,692.04,50181
V-120,INV-10778,8013.82,2025-11-14,USR-15,APPR-08,PO-40777,38,38,38,210.89,210.89,50182
V-146,INV-10833,458.48,2025-10-20,USR-11,APPR-01,PO-40832,88,88,88,5.21,5.21,50183
V-105,INV-10276,451.86,2025-04-07,USR-17,APPR-01,PO-40275,102,102,102,4.43,4.43,50184
V-142,INV-10430,1962.68,2025-09-08,USR-16,APPR-07,PO-40429,139,139,139,14.12,14.12,50185
V-148,INV-10283,1436.96,2025-05-20,USR-15,APPR-07,PO-40282,112,112,112,12.83,12.83,50186
V-132,INV-10657,3816.12,2025-04-25,USR-16,APPR-01,PO-40656,98,98,98,38.94,38.94,50187
V-113,INV-DUP-8803,9200.0,2025-01-15,USR-03,APPR-04,PO-40004,100,100,100,92.0,92.0,50188
V-106,INV-UNAPPR-129,8252.02,2026-01-21,USR-16,,PO-40128,30,30,30,275.07,275.07,50189
V-113,INV-10744,2542.05,2025-12-29,USR-19,APPR-03,PO-40743,135,135,135,18.83,18.83,50190
V-138,INV-UNAPPR-150,1200.0,2025-04-24,USR-12,,PO-40149,30,30,30,40.0,40.0,50191
V-139,INV-10427,250.38,2025-04-04,USR-05,APPR-07,PO-40426,117,117,117,2.14,2.14,50192
V-103,INV-RND-91,25000.0,2025-10-27,USR-04,APPR-07,PO-40090,20,20,20,1250.0,1250.0,50193
V-130,INV-WKD-65,26454.36,2025-09-13,USR-11,APPR-02,PO-40064,40,40,40,661.36,661.36,50194
V-143,INV-10841,1532.32,2025-04-14,USR-04,APPR-05,PO-40840,122,122,122,12.56,12.56,50195
V-156,INV-10920,19766.58,2025-04-09,USR-18,APPR-04,PO-40919,102,102,102,193.79,193.79,50196
V-148,INV-3WM-170,5793.6,2025-08-13,USR-11,APPR-05,PO-40169,60,60,60,78.15,96.56,50197
V-138,INV-10324,65775.86,2025-12-02,USR-16,APPR-03,PO-40323,23,23,23,2859.82,2859.82,50198
V-149,INV-10857,187.8,2025-02-17,USR-05,APPR-03,PO-40856,10,10,10,18.78,18.78,50199
V-117,INV-10550,48008.18,2025-03-10,USR-20,APPR-05,PO-40549,67,67,67,716.54,716.54,50200
V-131,INV-10248,9150.84,2026-03-19,USR-15,APPR-05,PO-40247,27,27,27,338.92,338.92,50201
V-143,INV-10659,1601.6,2025-03-18,USR-08,APPR-07,PO-40658,40,40,40,40.04,40.04,50202
V-105,INV-10819,775.5,2025-07-08,USR-10,APPR-08,PO-40818,150,150,150,5.17,5.17,50203
V-120,INV-10238,20548.04,2025-04-23,USR-07,APPR-03,PO-40237,62,62,62,331.42,331.42,50205
V-116,INV-DUP-8806,12450.0,2025-02-14,USR-14,APPR-06,PO-40011,100,100,100,124.5,124.5,50206
V-148,INV-10715,771.82,2025-04-07,USR-03,APPR-04,PO-40714,74,74,74,10.43,10.43,50207
V-130,INV-UNAPPR-142,48000.0,2025-11-12,USR-14,,PO-40141,30,30,30,1600.0,1600.0,50208
V-117,INV-DUP-8807,44200.0,2025-01-30,USR-11,APPR-02,PO-40012,100,100,100,442.0,442.0,50209
V-110,INV-10955,2768.92,2025-09-05,USR-12,APPR-05,PO-40954,22,22,22,125.86,125.86,50210
V-130,INV-10551,85044.96,2025-12-31,USR-09,APPR-04,PO-40550,99,99,99,859.04,859.04,50211
V-157,INV-10823,5491.92,2025-09-24,USR-20,APPR-04,PO-40822,56,56,56,98.07,98.07,50212
V-149,INV-10349,5756.4,2025-08-01,USR-08,APPR-02,PO-40348,65,65,65,88.56,88.56,50213
V-160,INV-10798,1763.71,2025-04-09,USR-09,APPR-07,PO-40797,13,13,13,135.67,135.67,50214
V-136,INV-10428,15373.26,2025-08-05,USR-06,APPR-08,PO-40427,54,54,54,284.69,284.69,50215
V-109,INV-10319,30402.47,2025-11-05,USR-11,APPR-08,PO-40318,19,19,19,1600.13,1600.13,50216
V-146,INV-10889,494.05,2025-11-03,USR-04,APPR-02,PO-40888,41,41,41,12.05,12.05,50217
V-131,INV-10797,484.65,2025-12-31,USR-05,APPR-03,PO-40796,135,135,135,3.59,3.59,50218
V-159,INV-10966,25115.04,2025-09-09,USR-12,APPR-07,PO-40965,24,24,24,1046.46,1046.46,50219
V-150,INV-10278,172.44,2026-02-09,USR-19,APPR-06,PO-40277,36,36,36,4.79,4.79,50220
V-152,INV-10907,640.0,2025-06-23,USR-17,APPR-08,PO-40906,64,64,64,10.0,10.0,50221
V-133,INV-10343,48969.69,2025-03-31,USR-11,APPR-02,PO-40342,119,119,119,411.51,411.51,50222
V-144,INV-10740,515.46,2025-07-10,USR-20,APPR-06,PO-40739,33,33,33,15.62,15.62,50223
V-145,INV-THR-120,9789.54,2026-01-30,USR-01,APPR-07,PO-40119,25,25,25,391.58,391.58,50224
V-107,INV-10453,172.44,2025-02-06,USR-11,APPR-06,PO-40452,36,36,36,4.79,4.79,50225
V-148,INV-10397,1711.08,2025-02-12,USR-13,APPR-06,PO-40396,49,49,49,34.92,34.92,50226
V-156,INV-10228,85017.0,2025-10-28,USR-14,APPR-01,PO-40227,100,100,100,850.17,850.17,50227
V-136,INV-10852,24133.68,2025-09-30,USR-06,APPR-08,PO-40851,72,72,72,335.19,335.19,50228
V-137,INV-10475,8271.09,2025-08-04,USR-12,APPR-02,PO-40474,29,29,29,285.21,285.21,50229
V-131,INV-10371,17242.55,2026-03-24,USR-07,APPR-06,PO-40370,65,65,65,265.27,265.27,50230
V-149,INV-10315,187.46,2026-03-10,USR-13,APPR-06,PO-40314,103,103,103,1.82,1.82,50231
V-101,INV-10746,1540.98,2025-08-19,USR-17,APPR-07,PO-40745,126,126,126,12.23,12.23,50232
V-118,INV-10892,8257.2,2025-12-22,USR-02,APPR-07,PO-40891,28,28,28,294.9,294.9,50233
V-134,INV-10176,7412.98,2025-12-03,USR-12,APPR-08,PO-40175,58,58,58,127.81,127.81,50234
V-154,INV-10579,166.44,2025-06-19,USR-19,APPR-08,PO-40578,38,38,38,4.38,4.38,50235
V-106,INV-10526,6488.79,2025-06-09,USR-18,APPR-07,PO-40525,77,77,77,84.27,84.27,50236
V-160,INV-10822,4259.0,2025-08-07,USR-05,APPR-08,PO-40821,100,100,100,42.59,42.59,50237
V-154,INV-THR-119,9531.76,2025-08-01,USR-14,APPR-07,PO-40118,25,25,25,381.27,381.27,50238
V-159,INV-10496,2172.8,2025-01-16,USR-06,APPR-05,PO-40495,64,64,64,33.95,33.95,50239
V-127,INV-10522,1205.24,2025-03-24,USR-18,APPR-05,PO-40521,58,58,58,20.78,20.78,50240
V-126,INV-10706,3561.58,2026-02-09,USR-04,APPR-03,PO-40705,22,22,22,161.89,161.89,50241
V-140,INV-10250,1076.79,2025-01-20,USR-20,APPR-07,PO-40249,33,33,33,32.63,32.63,50242
V-106,INV-10814,3453.84,2025-04-22,USR-20,APPR-01,PO-40813,123,123,123,28.08,28.08,50243
V-137,INV-10385,2957.83,2026-02-12,USR-08,APPR-04,PO-40384,127,127,127,23.29,23.29,50244
V-140,INV-THR-112,9941.36,2026-01-22,USR-17,APPR-07,PO-40111,25,25,25,397.65,397.65,50245
V-148,INV-10613,47394.46,2025-02-24,USR-18,APPR-07,PO-40612,67,67,67,707.38,707.38,50246
V-156,INV-3WM-158,8317.89,2025-06-24,USR-16,APPR-02,PO-40157,63,63,63,114.53,132.03,50247
V-113,INV-10748,59670.96,2025-06-16,USR-17,APPR-08,PO-40747,109,109,109,547.44,547.44,50248
V-144,INV-10208,29402.05,2025-10-27,USR-08,APPR-08,PO-40207,37,37,37,794.65,794.65,50249
V-143,INV-10922,6497.0,2025-12-17,USR-02,APPR-01,PO-40921,50,50,50,129.94,129.94,50250
V-112,INV-10194,27924.64,2025-09-29,USR-03,APPR-07,PO-40193,53,53,53,526.88,526.88,50251
V-146,INV-10409,593.92,2025-12-16,USR-07,APPR-08,PO-40408,128,128,128,4.64,4.64,50252
V-139,INV-10290,6361.74,2025-05-01,USR-05,APPR-08,PO-40289,18,18,18,353.43,353.43,50253
V-134,INV-10673,557.2,2025-01-03,USR-01,APPR-07,PO-40672,40,40,40,13.93,13.93,50254
V-119,INV-10340,392.35,2025-06-02,USR-15,APPR-08,PO-40339,95,95,95,4.13,4.13,50255
V-150,INV-10508,17046.22,2025-01-31,USR-04,APPR-06,PO-40507,46,46,46,370.57,370.57,50256
V-144,INV-10887,1097.64,2026-03-02,USR-15,APPR-06,PO-40886,36,36,36,30.49,30.49,50257
V-142,INV-10952,183.04,2025-04-07,USR-11,APPR-07,PO-40951,143,143,143,1.28,1.28,50258
V-114,INV-10229,3103.87,2025-05-28,USR-05,APPR-08,PO-40228,139,139,139,22.33,22.33,50259
V-139,INV-10813,3542.99,2025-08-25,USR-16,APPR-04,PO-40812,11,11,11,322.09,322.09,50260
V-119,INV-10558,2844.8,2025-12-10,USR-04,APPR-08,PO-40557,56,56,56,50.8,50.8,50261
V-104,INV-10946,76801.6,2025-06-30,USR-03,APPR-06,PO-40945,80,80,80,960.02,960.02,50262
V-123,INV-WKD-50,500.0,2025-11-08,USR-14,APPR-07,PO-40049,40,40,40,12.5,12.5,50263
V-140,INV-10923,243.2,2025-11-27,USR-15,APPR-01,PO-40922,95,95,95,2.56,2.56,50264
V-158,INV-10388,69772.42,2025-11-27,USR-17,APPR-01,PO-40387,34,34,34,2052.13,2052.13,50265
V-137,INV-3WM-159,13626.69,2026-02-25,USR-02,APPR-03,PO-40158,175,175,187,72.87,72.87,50266
V-114,INV-10880,24401.52,2026-01-30,USR-19,APPR-06,PO-40879,52,52,52,469.26,469.26,50267
V-156,INV-10429,1841.15,2025-05-28,USR-12,APPR-01,PO-40428,23,23,23,80.05,80.05,50268
V-113,INV-3WM-153,18551.68,2025-06-11,USR-07,APPR-08,PO-40152,187,187,202,91.84,91.84,50269
V-130,INV-10699,1393.2,2025-10-06,USR-04,APPR-08,PO-40698,54,54,54,25.8,25.8,50270
V-116,INV-10426,31339.2,2025-11-11,USR-10,APPR-02,PO-40425,40,40,40,783.48,783.48,50271
V-104,INV-10732,432.87,2025-08-26,USR-09,APPR-07,PO-40731,47,47,47,9.21,9.21,50272
V-137,INV-10661,624.12,2025-11-28,USR-19,APPR-03,PO-40660,42,42,42,14.86,14.86,50273
V-102,INV-10199,2992.0,2025-10-20,USR-13,APPR-05,PO-40198,85,85,85,35.2,35.2,50274
V-148,INV-10768,286.28,2026-02-23,USR-20,APPR-01,PO-40767,68,68,68,4.21,4.21,50275
V-137,INV-THR-107,9938.75,2025-08-01,USR-07,APPR-07,PO-40106,25,25,25,397.55,397.55,50276
V-116,INV-DUP-8806,12450.0,2025-01-31,USR-14,APPR-06,PO-40010,100,100,100,124.5,124.5,50277
V-111,INV-10518,2787.87,2025-10-07,USR-15,APPR-02,PO-40517,67,67,67,41.61,41.61,50278
V-160,INV-10284,10449.92,2025-06-23,USR-17,APPR-05,PO-40283,104,104,104,100.48,100.48,50279
V-115,INV-10988,573.6,2025-03-31,USR-05,APPR-03,PO-40987,40,40,40,14.34,14.34,50280
V-136,INV-10395,1489.75,2025-11-21,USR-13,APPR-07,PO-40394,101,101,101,14.75,14.75,50281
V-102,INV-UNAPPR-131,10402.54,2025-12-01,USR-08,,PO-40130,30,30,30,346.75,346.75,50282
V-156,INV-10542,2740.6,2025-04-07,USR-12,APPR-01,PO-40541,142,142,142,19.3,19.3,50283
V-150,INV-10486,193.6,2025-08-20,USR-19,APPR-02,PO-40485,44,44,44,4.4,4.4,50284
V-107,INV-10404,46165.77,2026-01-05,USR-05,APPR-05,PO-40403,127,127,127,363.51,363.51,50285
V-149,INV-10565,444.78,2025-06-10,USR-06,APPR-03,PO-40564,63,63,63,7.06,7.06,50286
V-154,INV-10879,958.93,2025-06-25,USR-16,APPR-07,PO-40878,49,49,49,19.57,19.57,50287
V-143,INV-10758,64014.72,2025-03-27,USR-06,APPR-08,PO-40757,96,96,96,666.82,666.82,50288
V-111,INV-10304,49415.03,2025-09-15,USR-20,APPR-06,PO-40303,49,49,49,1008.47,1008.47,50289
V-126,INV-10584,1182.72,2026-01-12,USR-15,APPR-05,PO-40583,112,112,112,10.56,10.56,50290
V-120,INV-SPLIT-42,7200.0,2026-03-05,USR-08,APPR-05,PO-40024,50,50,50,144.0,144.0,50291
V-140,INV-10884,83538.0,2025-02-19,USR-09,APPR-06,PO-40883,120,120,120,696.15,696.15,50292
V-123,INV-10468,50113.23,2025-01-07,USR-17,APPR-05,PO-40467,137,137,137,365.79,365.79,50293
V-110,INV-3WM-167,12353.29,2025-08-06,USR-09,APPR-03,PO-40166,107,107,137,90.17,90.17,50294
V-112,INV-10750,304.44,2025-02-19,USR-02,APPR-04,PO-40749,43,43,43,7.08,7.08,50295
V-130,INV-10378,5965.65,2025-05-12,USR-06,APPR-06,PO-40377,135,135,135,44.19,44.19,50296
V-133,INV-10312,575.4,2025-10-23,USR-15,APPR-08,PO-40311,137,137,137,4.2,4.2,50297
V-103,INV-10624,4240.08,2025-02-28,USR-11,APPR-07,PO-40623,72,72,72,58.89,58.89,50298
V-118,INV-10868,32367.9,2025-10-23,USR-14,APPR-06,PO-40867,138,138,138,234.55,234.55,50299
V-153,INV-10495,817.2,2025-01-22,USR-13,APPR-08,PO-40494,120,120,120,6.81,6.81,50300
V-128,INV-10589,75230.44,2025-12-09,USR-08,APPR-08,PO-40588,34,34,34,2212.66,2212.66,50301
V-108,INV-10236,4272.3,2025-09-08,USR-12,APPR-07,PO-40235,141,141,141,30.3,30.3,50302
V-109,INV-WKD-42,45000.0,2025-08-30,USR-16,APPR-03,PO-40041,40,40,40,1125.0,1125.0,50303
V-145,INV-10452,497.96,2025-01-06,USR-05,APPR-08,PO-40451,118,118,118,4.22,4.22,50304
V-116,INV-10734,85040.97,2025-03-04,USR-02,APPR-04,PO-40733,123,123,123,691.39,691.39,50305
V-150,INV-10436,243.6,2025-05-15,USR-08,APPR-04,PO-40435,40,40,40,6.09,6.09,50306
V-103,INV-10929,2202.06,2025-11-20,USR-19,APPR-01,PO-40928,42,42,42,52.43,52.43,50307
V-140,INV-10303,12744.63,2025-05-09,USR-18,APPR-02,PO-40302,87,87,87,146.49,146.49,50308
V-133,INV-10984,809.97,2025-06-24,USR-08,APPR-04,PO-40983,49,49,49,16.53,16.53,50309
V-141,INV-10202,1677.15,2025-11-24,USR-04,APPR-01,PO-40201,45,45,45,37.27,37.27,50310
V-113,INV-10836,3903.83,2025-08-18,USR-11,APPR-08,PO-40835,49,49,49,79.67,79.67,50311
V-120,INV-10330,10449.99,2025-04-09,USR-10,APPR-04,PO-40329,67,67,67,155.97,155.97,50312
V-144,INV-10999,2599.69,2025-03-03,USR-15,APPR-04,PO-40998,89,89,89,29.21,29.21,50313
V-144,INV-10871,26636.79,2025-05-06,USR-18,APPR-05,PO-40870,29,29,29,918.51,918.51,50314
V-106,INV-10717,210.21,2026-01-30,USR-13,APPR-05,PO-40716,49,49,49,4.29,4.29,50315
V-152,INV-10831,357.2,2025-10-13,USR-12,APPR-02,PO-40830,94,94,94,3.8,3.8,50316
V-125,INV-UNAPPR-127,1200.0,2025-03-11,USR-11,,PO-40126,30,30,30,40.0,40.0,50317
V-160,INV-WKD-40,3019.46,2025-10-12,USR-12,APPR-05,PO-40039,40,40,40,75.49,75.49,50318
V-118,INV-10214,23586.39,2025-12-18,USR-07,APPR-02,PO-40213,111,111,111,212.49,212.49,50319
V-150,INV-10837,7774.92,2026-01-12,USR-04,APPR-03,PO-40836,46,46,46,169.02,169.02,50320
V-140,INV-10293,1703.04,2025-10-15,USR-10,APPR-08,PO-40292,64,64,64,26.61,26.61,50321
V-137,INV-10530,36869.95,2026-02-24,USR-08,APPR-08,PO-40529,131,131,131,281.45,281.45,50322
V-138,INV-10408,2364.36,2025-06-16,USR-18,APPR-03,PO-40407,61,61,61,38.76,38.76,50324
V-110,INV-10729,5187.56,2025-05-20,USR-02,APPR-01,PO-40728,14,14,14,370.54,370.54,50325
V-159,INV-10791,49094.4,2025-06-09,USR-05,APPR-03,PO-40790,120,120,120,409.12,409.12,50326
V-150,INV-10300,76397.44,2025-03-07,USR-05,APPR-07,PO-40299,56,56,56,1364.24,1364.24,50327
V-106,INV-10525,150.36,2025-04-14,USR-16,APPR-02,PO-40524,84,84,84,1.79,1.79,50328
V-133,INV-10545,5368.32,2025-07-04,USR-13,APPR-02,PO-40544,128,128,128,41.94,41.94,50329
V-113,INV-10972,35678.7,2025-03-31,USR-06,APPR-07,PO-40971,45,45,45,792.86,792.86,50330
V-136,INV-10886,29931.3,2025-09-24,USR-01,APPR-01,PO-40885,90,90,90,332.57,332.57,50331
V-109,INV-10456,408.45,2025-11-12,USR-04,APPR-07,PO-40455,35,35,35,11.67,11.67,50332
V-157,INV-UNAPPR-146,1340.0,2025-09-08,USR-20,,PO-40145,30,30,30,44.67,44.67,50333
V-151,INV-10905,948.48,2026-01-05,USR-18,APPR-05,PO-40904,26,26,26,36.48,36.48,50334
V-132,INV-WKD-48,500.0,2026-03-15,USR-07,APPR-03,PO-40047,40,40,40,12.5,12.5,50335
V-130,INV-10179,1093.17,2025-10-10,USR-04,APPR-03,PO-40178,39,39,39,28.03,28.03,50336
V-121,INV-WKD-64,866.3,2025-04-06,USR-08,APPR-05,PO-40063,40,40,40,21.66,21.66,50337
V-157,INV-RND-76,5000.0,2025-02-27,USR-05,APPR-01,PO-40075,20,20,20,250.0,250.0,50338
V-123,INV-10958,10346.7,2025-04-07,USR-05,APPR-06,PO-40957,91,91,91,113.7,113.7,50339
V-111,INV-10391,6928.16,2026-01-21,USR-19,APPR-04,PO-40390,86,86,86,80.56,80.56,50340
V-140,INV-10888,5192.96,2025-04-23,USR-03,APPR-01,PO-40887,16,16,16,324.56,324.56,50341
V-120,INV-10249,150.08,2026-02-12,USR-15,APPR-08,PO-40248,28,28,28,5.36,5.36,50342
V-124,INV-10288,907.39,2025-11-24,USR-17,APPR-03,PO-40287,113,113,113,8.03,8.03,50343
V-156,INV-10183,15799.05,2026-01-07,USR-05,APPR-08,PO-40182,135,135,135,117.03,117.03,50344
V-152,INV-10227,642.6,2025-02-17,USR-05,APPR-01,PO-40226,105,105,105,6.12,6.12,50345
V-123,INV-10686,19149.57,2025-10-09,USR-09,APPR-04,PO-40685,99,99,99,193.43,193.43,50346
V-146,INV-10470,6523.44,2025-06-23,USR-19,APPR-02,PO-40469,77,77,77,84.72,84.72,50347
V-127,INV-10380,70485.14,2026-03-06,USR-05,APPR-04,PO-40379,11,11,11,6407.74,6407.74,50348
V-125,INV-10883,729.12,2025-09-29,USR-11,APPR-01,PO-40882,124,124,124,5.88,5.88,50349
V-118,INV-10389,18874.48,2025-04-28,USR-02,APPR-02,PO-40388,131,131,131,144.08,144.08,50350
V-118,INV-RND-84,20000.0,2026-02-16,USR-06,APPR-02,PO-40083,20,20,20,1000.0,1000.0,50351
V-124,INV-10381,521.64,2025-02-04,USR-02,APPR-08,PO-40380,126,126,126,4.14,4.14,50352
V-156,INV-10737,435.62,2025-09-04,USR-07,APPR-02,PO-40736,23,23,23,18.94,18.94,50353
V-160,INV-10891,19361.16,2025-05-12,USR-09,APPR-07,PO-40890,126,126,126,153.66,153.66,50354
V-124,INV-RND-94,15000.0,2025-01-01,USR-14,APPR-02,PO-40093,20,20,20,750.0,750.0,50355
V-113,INV-10803,1515.58,2026-01-12,USR-10,APPR-08,PO-40802,22,22,22,68.89,68.89,50356
V-109,INV-10357,8375.32,2026-03-23,USR-12,APPR-02,PO-40356,148,148,148,56.59,56.59,50357
V-109,INV-10864,8154.3,2026-03-09,USR-01,APPR-02,PO-40863,42,42,42,194.15,194.15,50358
V-155,INV-10458,36075.36,2025-10-13,USR-10,APPR-04,PO-40457,16,16,16,2254.71,2254.71,50359
V-120,INV-10826,42816.06,2025-01-06,USR-10,APPR-06,PO-40825,27,27,27,1585.78,1585.78,50360
V-144,INV-10226,22548.82,2025-06-10,USR-16,APPR-02,PO-40225,49,49,49,460.18,460.18,50361
V-121,INV-10326,818.62,2025-10-21,USR-14,APPR-03,PO-40325,122,122,122,6.71,6.71,50362
V-142,INV-10337,189.76,2025-06-16,USR-19,APPR-04,PO-40336,32,32,32,5.93,5.93,50363
V-147,INV-10827,13332.21,2026-01-28,USR-19,APPR-01,PO-40826,111,111,111,120.11,120.11,50364
V-155,INV-10759,79913.97,2025-06-30,USR-12,APPR-07,PO-40758,93,93,93,859.29,859.29,50365
V-152,INV-10670,75297.76,2025-07-09,USR-16,APPR-07,PO-40669,68,68,68,1107.32,1107.32,50366
V-117,INV-10537,18800.2,2026-02-09,USR-13,APPR-08,PO-40536,115,115,115,163.48,163.48,50367
V-148,INV-10539,2689.72,2025-01-20,USR-16,APPR-05,PO-40538,22,22,22,122.26,122.26,50368
V-134,INV-10980,4048.8,2025-08-04,USR-03,APPR-04,PO-40979,84,84,84,48.2,48.2,50369
V-142,INV-10379,14882.88,2025-03-28,USR-02,APPR-01,PO-40378,148,148,148,100.56,100.56,50370
V-134,INV-10656,4587.22,2025-07-14,USR-09,APPR-07,PO-40655,29,29,29,158.18,158.18,50371
V-145,INV-UNAPPR-136,1200.0,2025-07-23,USR-08,,PO-40135,30,30,30,40.0,40.0,50372
V-119,INV-10314,227.5,2025-10-27,USR-18,APPR-01,PO-40313,130,130,130,1.75,1.75,50373
V-133,INV-10569,7129.08,2025-12-22,USR-19,APPR-05,PO-40568,108,108,108,66.01,66.01,50374
V-130,INV-10885,149.6,2025-05-19,USR-08,APPR-04,PO-40884,110,110,110,1.36,1.36,50375
V-120,INV-10467,1115.76,2025-01-30,USR-06,APPR-02,PO-40466,24,24,24,46.49,46.49,50376
V-136,INV-10716,205.67,2025-03-27,USR-02,APPR-01,PO-40715,131,131,131,1.57,1.57,50377
V-150,INV-10915,813.02,2025-05-05,USR-06,APPR-01,PO-40914,106,106,106,7.67,7.67,50378
V-112,INV-10992,12053.6,2026-02-05,USR-12,APPR-01,PO-40991,61,61,61,197.6,197.6,50379
V-127,INV-10934,19461.53,2025-10-24,USR-02,APPR-01,PO-40933,11,11,11,1769.23,1769.23,50380
V-130,INV-10839,48717.9,2025-01-23,USR-02,APPR-02,PO-40838,95,95,95,512.82,512.82,50381
V-119,INV-10850,2478.28,2025-02-03,USR-12,APPR-03,PO-40849,53,53,53,46.76,46.76,50382
V-131,INV-WKD-60,504.96,2025-05-24,USR-17,APPR-03,PO-40059,40,40,40,12.62,12.62,50383
V-148,INV-10854,465.74,2025-10-06,USR-19,APPR-08,PO-40853,29,29,29,16.06,16.06,50384
V-106,INV-RND-73,2500.0,2026-03-10,USR-14,APPR-05,PO-40072,20,20,20,125.0,125.0,50385
V-132,INV-10222,9425.75,2025-02-03,USR-15,APPR-02,PO-40221,37,37,37,254.75,254.75,50386
V-135,INV-10755,910.11,2025-04-21,USR-13,APPR-04,PO-40754,69,69,69,13.19,13.19,50387
V-107,INV-10413,85032.07,2026-02-09,USR-08,APPR-06,PO-40412,31,31,31,2742.97,2742.97,50388
V-143,INV-3WM-163,14973.06,2026-01-26,USR-03,APPR-03,PO-40162,104,104,122,122.73,122.73,50389
V-151,INV-10499,42491.82,2025-04-14,USR-01,APPR-07,PO-40498,149,149,149,285.18,285.18,50390
V-141,INV-10971,85015.5,2025-02-03,USR-09,APPR-07,PO-40970,114,114,114,745.75,745.75,50391
V-105,INV-10240,22301.0,2025-03-10,USR-13,APPR-01,PO-40239,100,100,100,223.01,223.01,50392
V-134,INV-10801,29391.18,2026-01-05,USR-02,APPR-02,PO-40800,147,147,147,199.94,199.94,50393
V-157,INV-10622,3092.1,2025-08-01,USR-07,APPR-06,PO-40621,66,66,66,46.85,46.85,50394
V-137,INV-10703,2179.67,2026-03-16,USR-08,APPR-02,PO-40702,43,43,43,50.69,50.69,50395
V-126,INV-10845,1054.34,2025-12-12,USR-06,APPR-08,PO-40844,119,119,119,8.86,8.86,50396
V-148,INV-10777,28526.98,2025-12-17,USR-02,APPR-04,PO-40776,38,38,38,750.71,750.71,50397
V-115,INV-10635,646.78,2025-07-22,USR-05,APPR-07,PO-40634,146,146,146,4.43,4.43,50399
V-134,INV-10298,731.28,2025-11-10,USR-14,APPR-07,PO-40297,132,132,132,5.54,5.54,50400
V-147,INV-10516,149.85,2025-04-18,USR-01,APPR-01,PO-40515,37,37,37,4.05,4.05,50401
V-140,INV-10287,2042.0,2025-12-22,USR-14,APPR-05,PO-40286,100,100,100,20.42,20.42,50402
V-112,INV-10893,225.61,2025-07-18,USR-15,APPR-02,PO-40892,77,77,77,2.93,2.93,50403
V-121,INV-10856,958.72,2025-06-09,USR-16,APPR-01,PO-40855,107,107,107,8.96,8.96,50404
V-131,INV-10970,314.07,2026-03-04,USR-17,APPR-06,PO-40969,87,87,87,3.61,3.61,50405
V-106,INV-10203,657.47,2025-06-09,USR-10,APPR-06,PO-40202,43,43,43,15.29,15.29,50406
V-108,INV-10774,1323.2,2025-05-05,USR-14,APPR-07,PO-40773,32,32,32,41.35,41.35,50407
V-147,INV-10469,27810.12,2025-03-27,USR-04,APPR-01,PO-40468,78,78,78,356.54,356.54,50408
V-158,INV-10669,45392.3,2025-09-04,USR-14,APPR-07,PO-40668,10,10,10,4539.23,4539.23,50409
V-120,INV-10259,43618.26,2025-11-27,USR-06,APPR-04,PO-40258,102,102,102,427.63,427.63,50410
V-123,INV-UNAPPR-130,1200.0,2025-01-10,USR-08,,PO-40129,30,30,30,40.0,40.0,50411
V-112,INV-DUP-8802,7840.5,2025-01-28,USR-04,APPR-02,PO-40002,100,100,100,78.41,78.41,50412
V-130,INV-10910,4819.84,2025-03-31,USR-20,APPR-03,PO-40909,34,34,34,141.76,141.76,50414
V-129,INV-10834,2875.95,2025-05-20,USR-10,APPR-04,PO-40833,105,105,105,27.39,27.39,50415
V-115,INV-10364,297.44,2025-05-02,USR-14,APPR-05,PO-40363,143,143,143,2.08,2.08,50416
V-137,INV-10765,1092.0,2025-04-30,USR-07,APPR-02,PO-40764,112,112,112,9.75,9.75,50417
V-126,INV-10543,631.06,2025-09-22,USR-05,APPR-01,PO-40542,139,139,139,4.54,4.54,50418
V-121,INV-10344,497.64,2025-07-25,USR-08,APPR-01,PO-40343,132,132,132,3.77,3.77,50419
V-119,INV-10873,5352.45,2025-10-21,USR-06,APPR-01,PO-40872,85,85,85,62.97,62.97,50420
V-143,INV-10877,190.08,2026-01-15,USR-15,APPR-06,PO-40876,48,48,48,3.96,3.96,50421
V-157,INV-10573,27920.4,2025-03-05,USR-09,APPR-01,PO-40572,106,106,106,263.4,263.4,50422
V-123,INV-10993,19417.86,2025-02-17,USR-06,APPR-04,PO-40992,99,99,99,196.14,196.14,50423
V-159,INV-10767,6078.48,2026-01-12,USR-11,APPR-06,PO-40766,24,24,24,253.27,253.27,50424
V-125,INV-SPLIT-52,9600.0,2025-11-12,USR-04,APPR-07,PO-40026,50,50,50,192.0,192.0,50425
V-138,INV-10932,24891.75,2025-02-14,USR-16,APPR-08,PO-40931,65,65,65,382.95,382.95,50426
V-116,INV-10944,513.95,2025-10-15,USR-18,APPR-02,PO-40943,95,95,95,5.41,5.41,50427
V-154,INV-10754,40406.52,2026-02-26,USR-10,APPR-02,PO-40753,28,28,28,1443.09,1443.09,50428
V-119,INV-10681,2614.04,2026-01-06,USR-20,APPR-01,PO-40680,143,143,143,18.28,18.28,50429
V-141,INV-10832,150.52,2025-03-18,USR-18,APPR-03,PO-40831,106,106,106,1.42,1.42,50430
V-150,INV-10645,5462.08,2025-12-15,USR-10,APPR-08,PO-40644,101,101,101,54.08,54.08,50431
V-142,INV-10521,10450.8,2025-11-03,USR-06,APPR-07,PO-40520,120,120,120,87.09,87.09,50432
V-109,INV-10217,50028.21,2025-06-18,USR-18,APPR-05,PO-40216,47,47,47,1064.43,1064.43,50433
V-137,INV-10363,980.98,2025-09-15,USR-20,APPR-06,PO-40362,91,91,91,10.78,10.78,50434
V-127,INV-10672,527.46,2025-09-02,USR-09,APPR-04,PO-40671,149,149,149,3.54,3.54,50435
V-129,INV-10707,1475.94,2025-01-31,USR-11,APPR-05,PO-40706,34,34,34,43.41,43.41,50436
V-112,INV-THR-109,9711.02,2026-02-03,USR-17,APPR-08,PO-40108,25,25,25,388.44,388.44,50437
V-150,INV-10896,156.88,2025-02-24,USR-15,APPR-01,PO-40895,74,74,74,2.12,2.12,50438
V-149,INV-10945,38710.35,2025-12-01,USR-08,APPR-06,PO-40944,63,63,63,614.45,614.45,50439
V-160,INV-10355,192.51,2025-12-25,USR-16,APPR-01,PO-40354,27,27,27,7.13,7.13,50440
V-141,INV-3WM-166,18835.83,2025-12-18,USR-19,APPR-04,PO-40165,117,117,117,131.7,160.99,50441
V-145,INV-10741,435.12,2026-01-26,USR-18,APPR-02,PO-40740,49,49,49,8.88,8.88,50442
V-120,INV-10811,10513.36,2026-03-23,USR-15,APPR-05,PO-40810,88,88,88,119.47,119.47,50443
V-113,INV-DUP-8803,9200.0,2025-01-18,USR-03,APPR-04,PO-40005,100,100,100,92.0,92.0,50444
V-148,INV-10652,19486.2,2025-08-18,USR-16,APPR-06,PO-40651,47,47,47,414.6,414.6,50445
V-121,INV-10514,10778.04,2025-09-12,USR-06,APPR-02,PO-40513,98,98,98,109.98,109.98,50446
V-146,INV-10332,629.14,2025-07-22,USR-03,APPR-06,PO-40331,83,83,83,7.58,7.58,50447
V-129,INV-10351,333.19,2025-10-21,USR-04,APPR-04,PO-40350,143,143,143,2.33,2.33,50448
V-129,INV-10299,396.2,2026-02-26,USR-15,APPR-06,PO-40298,28,28,28,14.15,14.15,50449
V-141,INV-10190,43800.12,2026-03-13,USR-16,APPR-01,PO-40189,91,91,91,481.32,481.32,50450
V-125,INV-UNAPPR-128,2760.47,2025-04-21,USR-09,,PO-40127,30,30,30,92.02,92.02,50451
V-139,INV-10231,29744.48,2026-02-18,USR-09,APPR-01,PO-40230,16,16,16,1859.03,1859.03,50452
V-122,INV-10563,713.7,2025-01-28,USR-14,APPR-08,PO-40562,61,61,61,11.7,11.7,50453
V-123,INV-THR-121,9503.91,2025-09-02,USR-10,APPR-07,PO-40120,25,25,25,380.16,380.16,50454
V-124,INV-10901,262.68,2025-12-16,USR-18,APPR-06,PO-40900,33,33,33,7.96,7.96,50455
V-146,INV-10597,35998.5,2025-06-19,USR-15,APPR-02,PO-40596,103,103,103,349.5,349.5,50456
V-118,INV-DUP-8808,18500.0,2025-02-28,USR-12,APPR-06,PO-40014,100,100,100,185.0,185.0,50457
V-136,INV-RND-75,75000.0,2025-03-24,USR-14,APPR-01,PO-40074,20,20,20,3750.0,3750.0,50458
V-134,INV-10994,381.16,2025-09-16,USR-07,APPR-04,PO-40993,13,13,13,29.32,29.32,50459
V-103,INV-10210,2116.59,2025-12-25,USR-10,APPR-08,PO-40209,21,21,21,100.79,100.79,50460
V-109,INV-10666,322.92,2025-08-21,USR-04,APPR-01,PO-40665,108,108,108,2.99,2.99,50461
V-134,INV-10736,10422.0,2025-06-16,USR-04,APPR-05,PO-40735,150,150,150,69.48,69.48,50462
V-145,INV-RND-97,50000.0,2025-06-17,USR-10,APPR-03,PO-40096,20,20,20,2500.0,2500.0,50463
V-110,INV-10974,3224.3,2025-09-10,USR-09,APPR-05,PO-40973,10,10,10,322.43,322.43,50464
V-138,INV-10700,466.52,2025-06-11,USR-04,APPR-06,PO-40699,107,107,107,4.36,4.36,50465
V-121,INV-UNAPPR-145,1200.0,2025-12-09,USR-06,,PO-40144,30,30,30,40.0,40.0,50466
V-111,INV-10817,810.7,2025-06-19,USR-10,APPR-03,PO-40816,55,55,55,14.74,14.74,50467
V-134,INV-10940,4892.5,2026-03-17,USR-02,APPR-05,PO-40939,95,95,95,51.5,51.5,50468
V-102,INV-10937,264.0,2025-03-10,USR-16,APPR-05,PO-40936,33,33,33,8.0,8.0,50469
V-140,INV-THR-106,9987.06,2025-05-06,USR-03,APPR-08,PO-40105,25,25,25,399.48,399.48,50470
V-134,INV-10820,1329.4,2025-03-10,USR-07,APPR-04,PO-40819,115,115,115,11.56,11.56,50471
V-120,INV-10221,10433.28,2025-09-15,USR-15,APPR-01,PO-40220,143,143,143,72.96,72.96,50472
V-145,INV-10977,3867.12,2025-10-27,USR-04,APPR-06,PO-40976,131,131,131,29.52,29.52,50473
V-158,INV-10196,189.63,2025-08-25,USR-10,APPR-03,PO-40195,129,129,129,1.47,1.47,50474
V-151,INV-10853,180.0,2025-07-16,USR-14,APPR-06,PO-40852,120,120,120,1.5,1.5,50475
V-152,INV-10383,949.2,2025-10-02,USR-06,APPR-02,PO-40382,120,120,120,7.91,7.91,50476
V-155,INV-10646,16065.54,2025-10-10,USR-05,APPR-04,PO-40645,81,81,81,198.34,198.34,50477
V-123,INV-10633,569.52,2026-01-23,USR-17,APPR-02,PO-40632,28,28,28,20.34,20.34,50478
V-120,INV-10847,64682.1,2025-02-17,USR-15,APPR-08,PO-40846,126,126,126,513.35,513.35,50479
V-113,INV-10567,9005.28,2025-08-08,USR-12,APPR-01,PO-40566,146,146,146,61.68,61.68,50480
V-145,INV-10869,85025.57,2025-01-20,USR-03,APPR-03,PO-40868,133,133,133,639.29,639.29,50481
V-105,INV-10745,24683.49,2025-10-06,USR-17,APPR-03,PO-40744,51,51,51,483.99,483.99,50482
V-107,INV-10982,6270.96,2026-03-02,USR-18,APPR-06,PO-40981,102,102,102,61.48,61.48,50483
V-150,INV-10818,5930.43,2025-08-22,USR-10,APPR-06,PO-40817,33,33,33,179.71,179.71,50484
V-146,INV-10916,150.08,2025-09-08,USR-19,APPR-05,PO-40915,32,32,32,4.69,4.69,50485
V-159,INV-10493,40840.12,2025-07-10,USR-03,APPR-01,PO-40492,76,76,76,537.37,537.37,50486
V-103,INV-10906,3965.64,2025-09-15,USR-11,APPR-01,PO-40905,14,14,14,283.26,283.26,50487
V-133,INV-10965,1676.48,2025-01-13,USR-13,APPR-04,PO-40964,32,32,32,52.39,52.39,50488
V-134,INV-10424,2114.1,2025-07-07,USR-11,APPR-07,PO-40423,135,135,135,15.66,15.66,50489
V-106,INV-10233,414.12,2025-10-17,USR-17,APPR-04,PO-40232,17,17,17,24.36,24.36,50490
V-140,INV-10866,6892.38,2025-11-25,USR-06,APPR-08,PO-40865,118,118,118,58.41,58.41,50491
V-109,INV-10796,167.64,2025-12-18,USR-17,APPR-08,PO-40795,132,132,132,1.27,1.27,50492
V-152,INV-10396,43800.5,2025-04-07,USR-08,APPR-02,PO-40395,85,85,85,515.3,515.3,50493
V-140,INV-10223,206.4,2025-02-11,USR-19,APPR-06,PO-40222,80,80,80,2.58,2.58,50494
V-106,INV-10846,2816.34,2025-11-12,USR-15,APPR-03,PO-40845,146,146,146,19.29,19.29,50495
V-127,INV-10368,5913.3,2026-03-16,USR-18,APPR-03,PO-40367,115,115,115,51.42,51.42,50496
V-114,INV-DUP-8804,7840.5,2025-03-28,USR-01,APPR-04,PO-40007,100,100,100,78.41,78.41,50497
V-112,INV-WKD-61,10801.03,2025-06-29,USR-03,APPR-02,PO-40060,40,40,40,270.03,270.03,50498
V-124,INV-10291,256.65,2025-07-09,USR-13,APPR-06,PO-40290,145,145,145,1.77,1.77,50499
V-145,INV-10485,1925.0,2025-05-30,USR-11,APPR-06,PO-40484,110,110,110,17.5,17.5,50500
V-128,INV-10989,150.0,2025-12-19,USR-04,APPR-02,PO-40988,30,30,30,5.0,5.0,50501
V-109,INV-10844,2540.12,2025-02-06,USR-01,APPR-08,PO-40843,22,22,22,115.46,115.46,50502
V-107,INV-10491,77480.01,2025-07-28,USR-15,APPR-02,PO-40490,73,73,73,1061.37,1061.37,50503
V-115,INV-WKD-46,12300.92,2025-07-27,USR-01,APPR-02,PO-40045,40,40,40,307.52,307.52,50504
V-138,INV-RND-77,40000.0,2026-03-04,USR-18,APPR-03,PO-40076,20,20,20,2000.0,2000.0,50505
V-136,INV-10534,808.08,2025-06-13,USR-11,APPR-05,PO-40533,111,111,111,7.28,7.28,50506
V-106,INV-10998,1704.0,2025-09-24,USR-11,APPR-08,PO-40997,20,20,20,85.2,85.2,50507
V-160,INV-10614,32876.14,2025-05-02,USR-13,APPR-07,PO-40613,22,22,22,1494.37,1494.37,50508
V-120,INV-10636,62949.62,2026-02-12,USR-12,APPR-01,PO-40635,46,46,46,1368.47,1368.47,50509
V-132,INV-10697,33153.6,2026-03-11,USR-06,APPR-05,PO-40696,80,80,80,414.42,414.42,50510
V-125,INV-SPLIT-51,9100.0,2025-11-12,USR-03,APPR-04,PO-40025,50,50,50,182.0,182.0,50511
V-137,INV-10523,149.6,2025-12-05,USR-18,APPR-08,PO-40522,110,110,110,1.36,1.36,50512
V-111,INV-10437,53505.97,2026-02-20,USR-20,APPR-03,PO-40436,119,119,119,449.63,449.63,50513
V-143,INV-10816,414.36,2025-01-29,USR-19,APPR-05,PO-40815,18,18,18,23.02,23.02,50514
V-137,INV-UNAPPR-135,1200.0,2025-06-09,USR-13,,PO-40134,30,30,30,40.0,40.0,50515
V-137,INV-10931,49526.91,2025-06-02,USR-18,APPR-04,PO-40930,53,53,53,934.47,934.47,50516
V-127,INV-10925,74447.43,2025-02-06,USR-07,APPR-06,PO-40924,93,93,93,800.51,800.51,50517
V-128,INV-RND-92,35000.0,2025-06-26,USR-20,APPR-02,PO-40091,20,20,20,1750.0,1750.0,50518
V-118,INV-10235,10497.6,2025-01-27,USR-15,APPR-07,PO-40234,30,30,30,349.92,349.92,50519
V-120,INV-SPLIT-41,6400.0,2026-03-05,USR-03,APPR-01,PO-40023,50,50,50,128.0,128.0,50520
V-126,INV-10592,154.76,2025-05-23,USR-08,APPR-02,PO-40591,106,106,106,1.46,1.46,50521
V-108,INV-10230,7844.72,2025-04-25,USR-09,APPR-04,PO-40229,104,104,104,75.43,75.43,50522
V-109,INV-10863,265.93,2025-07-15,USR-07,APPR-07,PO-40862,131,131,131,2.03,2.03,50523
V-150,INV-10577,150.06,2025-05-26,USR-09,APPR-04,PO-40576,61,61,61,2.46,2.46,50524
V-156,INV-10187,13319.6,2025-01-20,USR-15,APPR-02,PO-40186,35,35,35,380.56,380.56,50525
V-103,INV-10594,510.6,2025-09-12,USR-18,APPR-01,PO-40593,115,115,115,4.44,4.44,50526
V-131,INV-10872,1534.56,2025-11-10,USR-15,APPR-08,PO-40871,12,12,12,127.88,127.88,50527
V-157,INV-10807,18965.51,2025-01-13,USR-15,APPR-02,PO-40806,61,61,61,310.91,310.91,50528
V-127,INV-10975,6123.74,2025-11-24,USR-06,APPR-08,PO-40974,83,83,83,73.78,73.78,50529
V-103,INV-10289,16779.88,2025-01-16,USR-05,APPR-02,PO-40288,122,122,122,137.54,137.54,50530
V-131,INV-10336,940.58,2025-10-09,USR-07,APPR-05,PO-40335,131,131,131,7.18,7.18,50531
V-146,INV-10178,396.18,2025-12-24,USR-06,APPR-05,PO-40177,71,71,71,5.58,5.58,50532
V-106,INV-10267,85043.02,2025-10-13,USR-06,APPR-05,PO-40266,82,82,82,1037.11,1037.11,50533
V-139,INV-UNAPPR-137,4849.44,2025-02-24,USR-04,,PO-40136,30,30,30,161.65,161.65,50534
V-153,INV-10490,266.76,2025-07-02,USR-06,APPR-01,PO-40489,76,76,76,3.51,3.51,50535
V-150,INV-10463,2627.52,2026-02-09,USR-14,APPR-07,PO-40462,138,138,138,19.04,19.04,50536
V-134,INV-10328,1997.16,2025-09-23,USR-13,APPR-06,PO-40327,132,132,132,15.13,15.13,50537
V-112,INV-10996,443.63,2025-07-07,USR-12,APPR-07,PO-40995,37,37,37,11.99,11.99,50538
V-150,INV-UNAPPR-134,47182.85,2025-03-27,USR-06,,PO-40133,30,30,30,1572.76,1572.76,50539
V-147,INV-10788,2656.32,2025-03-19,USR-13,APPR-04,PO-40787,32,32,32,83.01,83.01,50540
V-122,INV-10256,19643.04,2025-05-26,USR-03,APPR-03,PO-40255,48,48,48,409.23,409.23,50541
V-140,INV-3WM-162,64732.08,2025-06-02,USR-02,APPR-02,PO-40161,159,159,159,351.06,407.12,50542
V-116,INV-THR-114,9629.04,2025-08-19,USR-09,APPR-08,PO-40113,25,25,25,385.16,385.16,50543
V-155,INV-RND-85,2500.0,2025-07-15,USR-16,APPR-04,PO-40084,20,20,20,125.0,125.0,50544
V-158,INV-10647,50764.5,2025-05-15,USR-01,APPR-01,PO-40646,29,29,29,1750.5,1750.5,50545
V-119,INV-10804,7461.14,2025-07-23,USR-20,APPR-01,PO-40803,118,118,118,63.23,63.23,50546
V-124,INV-10725,178.5,2026-02-13,USR-07,APPR-07,PO-40724,150,150,150,1.19,1.19,50547
V-155,INV-10985,76896.0,2026-02-12,USR-18,APPR-02,PO-40984,144,144,144,534.0,534.0,50548
V-112,INV-DUP-8802,7840.5,2025-02-11,USR-04,APPR-02,PO-40003,100,100,100,78.41,78.41,50549
V-133,INV-10658,7165.32,2025-09-15,USR-09,APPR-04,PO-40657,29,29,29,247.08,247.08,50550
V-141,INV-10455,4350.72,2025-11-10,USR-05,APPR-07,PO-40454,64,64,64,67.98,67.98,50551
V-142,INV-10189,6338.1,2025-08-29,USR-03,APPR-06,PO-40188,111,111,111,57.1,57.1,50552
V-156,INV-WKD-54,500.0,2025-05-25,USR-18,APPR-02,PO-40053,40,40,40,12.5,12.5,50553
V-128,INV-10671,39077.85,2025-06-30,USR-05,APPR-05,PO-40670,35,35,35,1116.51,1116.51,50554
V-156,INV-10719,1859.07,2025-01-15,USR-16,APPR-08,PO-40718,93,93,93,19.99,19.99,50555
V-101,INV-10919,85023.9,2025-11-10,USR-18,APPR-04,PO-40918,117,117,117,726.7,726.7,50556
V-111,INV-10431,38398.05,2025-12-17,USR-03,APPR-01,PO-40430,135,135,135,284.43,284.43,50557
V-139,INV-10361,158.72,2025-05-05,USR-02,APPR-04,PO-40360,124,124,124,1.28,1.28,50558
V-106,INV-10805,346.25,2025-12-22,USR-17,APPR-02,PO-40804,125,125,125,2.77,2.77,50559
V-130,INV-10849,53302.95,2025-04-04,USR-16,APPR-01,PO-40848,93,93,93,573.15,573.15,50560
V-146,INV-10898,5573.73,2025-03-19,USR-16,APPR-08,PO-40897,141,141,141,39.53,39.53,50561
V-130,INV-10570,150.36,2025-03-27,USR-17,APPR-06,PO-40569,84,84,84,1.79,1.79,50562
V-103,INV-10776,4622.58,2025-06-30,USR-08,APPR-04,PO-40775,122,122,122,37.89,37.89,50563
V-137,INV-10810,376.2,2025-07-14,USR-05,APPR-03,PO-40809,95,95,95,3.96,3.96,50564
V-122,INV-10341,7272.44,2025-03-10,USR-06,APPR-08,PO-40340,38,38,38,191.38,191.38,50565
V-103,INV-10769,5054.4,2025-11-21,USR-11,APPR-03,PO-40768,144,144,144,35.1,35.1,50566
V-138,INV-10483,7973.51,2025-12-25,USR-04,APPR-03,PO-40482,31,31,31,257.21,257.21,50567
V-134,INV-10870,5464.5,2026-01-09,USR-20,APPR-02,PO-40869,30,30,30,182.15,182.15,50568
V-148,INV-RND-83,12000.0,2025-01-13,USR-11,APPR-07,PO-40082,20,20,20,600.0,600.0,50569
V-133,INV-10281,631.01,2025-01-23,USR-13,APPR-08,PO-40280,89,89,89,7.09,7.09,50570
V-134,INV-WKD-35,29960.22,2026-02-22,USR-09,APPR-01,PO-40034,40,40,40,749.01,749.01,50571
V-129,INV-10714,6746.74,2025-08-18,USR-14,APPR-03,PO-40713,143,143,143,47.18,47.18,50572
V-160,INV-10908,71489.52,2025-12-15,USR-03,APPR-01,PO-40907,69,69,69,1036.08,1036.08,50573
V-146,INV-10450,542.52,2026-01-07,USR-04,APPR-01,PO-40449,33,33,33,16.44,16.44,50574
V-108,INV-10728,150.36,2025-07-31,USR-15,APPR-08,PO-40727,84,84,84,1.79,1.79,50575
V-138,INV-10216,606.69,2025-03-06,USR-07,APPR-04,PO-40215,63,63,63,9.63,9.63,50576
V-153,INV-10753,10607.04,2026-03-03,USR-12,APPR-01,PO-40752,116,116,116,91.44,91.44,50577
V-113,INV-10921,52080.97,2025-08-26,USR-04,APPR-03,PO-40920,23,23,23,2264.39,2264.39,50578
V-154,INV-10628,486.16,2025-04-18,USR-04,APPR-04,PO-40627,118,118,118,4.12,4.12,50579
V-126,INV-10309,7733.18,2025-06-10,USR-05,APPR-06,PO-40308,98,98,98,78.91,78.91,50580
V-147,INV-10262,217.88,2025-11-03,USR-15,APPR-01,PO-40261,52,52,52,4.19,4.19,50581
V-124,INV-10403,2299.41,2025-03-27,USR-09,APPR-04,PO-40402,29,29,29,79.29,79.29,50582
V-115,INV-DUP-8805,9200.0,2025-02-08,USR-19,APPR-05,PO-40008,100,100,100,92.0,92.0,50583
V-124,INV-10398,193.11,2025-07-04,USR-09,APPR-02,PO-40397,123,123,123,1.57,1.57,50584
V-142,INV-10894,960.3,2025-09-09,USR-16,APPR-02,PO-40893,55,55,55,17.46,17.46,50585
V-116,INV-10243,4088.13,2026-03-02,USR-14,APPR-07,PO-40242,37,37,37,110.49,110.49,50586
V-155,INV-10548,17797.76,2025-01-27,USR-08,APPR-04,PO-40547,64,64,64,278.09,278.09,50587
V-109,INV-THR-125,9731.89,2026-03-09,USR-20,APPR-01,PO-40124,25,25,25,389.28,389.28,50588
V-159,INV-10959,353.01,2025-08-18,USR-01,APPR-07,PO-40958,41,41,41,8.61,8.61,50589
V-109,INV-10317,32796.8,2025-07-17,USR-04,APPR-07,PO-40316,40,40,40,819.92,819.92,50590
V-150,INV-10394,6604.5,2025-04-29,USR-11,APPR-01,PO-40393,111,111,111,59.5,59.5,50591
V-141,INV-10566,612.26,2025-09-08,USR-14,APPR-07,PO-40565,121,121,121,5.06,5.06,50592
V-110,INV-10260,8191.8,2025-06-24,USR-03,APPR-05,PO-40259,45,45,45,182.04,182.04,50593
V-149,INV-10246,149.94,2025-02-24,USR-03,APPR-03,PO-40245,49,49,49,3.06,3.06,50594
V-126,INV-WKD-56,2213.53,2025-12-14,USR-02,APPR-03,PO-40055,40,40,40,55.34,55.34,50595
V-135,INV-WKD-36,500.0,2025-11-02,USR-09,APPR-06,PO-40035,40,40,40,12.5,12.5,50596
V-112,INV-SPLIT-31,8500.0,2026-02-24,USR-20,APPR-06,PO-40021,50,50,50,170.0,170.0,50597
V-136,INV-10316,25617.3,2025-01-24,USR-10,APPR-02,PO-40315,102,102,102,251.15,251.15,50598
V-132,INV-10377,1229.76,2025-06-02,USR-18,APPR-06,PO-40376,72,72,72,17.08,17.08,50599
V-146,INV-10600,1215.1,2025-04-07,USR-11,APPR-02,PO-40599,58,58,58,20.95,20.95,50600
V-148,INV-10372,921.04,2025-06-05,USR-04,APPR-08,PO-40371,58,58,58,15.88,15.88,50601
V-106,INV-UNAPPR-149,5792.14,2025-11-27,USR-10,,PO-40148,30,30,30,193.07,193.07,50602
V-154,INV-10655,29683.2,2025-12-01,USR-09,APPR-03,PO-40654,80,80,80,371.04,371.04,50603
V-146,INV-10253,11725.26,2026-01-01,USR-15,APPR-08,PO-40252,73,73,73,160.62,160.62,50604
V-138,INV-10738,4015.2,2025-05-01,USR-04,APPR-07,PO-40737,80,80,80,50.19,50.19,50605
V-146,INV-10619,1006.2,2025-03-10,USR-05,APPR-01,PO-40618,129,129,129,7.8,7.8,50606
V-144,INV-10559,58082.64,2025-03-07,USR-11,APPR-02,PO-40558,56,56,56,1037.19,1037.19,50607
V-123,INV-10825,4413.7,2026-02-16,USR-18,APPR-04,PO-40824,95,95,95,46.46,46.46,50608
V-121,INV-THR-116,9635.23,2025-05-01,USR-18,APPR-02,PO-40115,25,25,25,385.41,385.41,50609
V-117,INV-10384,319.68,2025-02-19,USR-12,APPR-05,PO-40383,144,144,144,2.22,2.22,50610
V-119,INV-10547,1748.34,2025-06-26,USR-01,APPR-07,PO-40546,33,33,33,52.98,52.98,50611
V-101,INV-10967,5369.7,2025-03-17,USR-10,APPR-06,PO-40966,105,105,105,51.14,51.14,50612
V-104,INV-10815,7619.22,2025-05-06,USR-06,APPR-03,PO-40814,63,63,63,120.94,120.94,50613
V-133,INV-10604,638.48,2026-01-12,USR-13,APPR-07,PO-40603,92,92,92,6.94,6.94,50614
V-103,INV-10261,67707.36,2026-03-09,USR-11,APPR-03,PO-40260,144,144,144,470.19,470.19,50615
V-152,INV-10419,4067.07,2026-01-05,USR-04,APPR-01,PO-40418,21,21,21,193.67,193.67,50616
V-144,INV-10451,258.44,2025-04-21,USR-15,APPR-01,PO-40450,142,142,142,1.82,1.82,50617
V-156,INV-10282,11910.93,2025-05-12,USR-02,APPR-06,PO-40281,101,101,101,117.93,117.93,50618
V-145,INV-10757,15764.51,2026-01-19,USR-14,APPR-02,PO-40756,127,127,127,124.13,124.13,50619
V-127,INV-10180,8508.3,2025-09-15,USR-16,APPR-08,PO-40179,79,79,79,107.7,107.7,50621
V-159,INV-THR-110,9776.36,2025-01-27,USR-04,APPR-08,PO-40109,25,25,25,391.05,391.05,50622
V-116,INV-UNAPPR-148,5554.62,2025-05-05,USR-16,,PO-40147,30,30,30,185.15,185.15,50623
V-107,INV-10224,85030.8,2025-07-15,USR-04,APPR-04,PO-40223,120,120,120,708.59,708.59,50624
V-135,INV-10434,18232.03,2025-10-21,USR-02,APPR-08,PO-40433,103,103,103,177.01,177.01,50625
V-114,INV-10638,330.26,2025-10-03,USR-14,APPR-03,PO-40637,98,98,98,3.37,3.37,50626
V-104,INV-10781,1200.8,2025-05-12,USR-15,APPR-01,PO-40780,79,79,79,15.2,15.2,50627
V-107,INV-10599,150.48,2025-12-26,USR-09,APPR-04,PO-40598,114,114,114,1.32,1.32,50628
V-127,INV-10338,590.22,2025-10-01,USR-06,APPR-01,PO-40337,54,54,54,10.93,10.93,50629
V-154,INV-10726,215.82,2025-10-15,USR-13,APPR-04,PO-40725,109,109,109,1.98,1.98,50630
V-141,INV-10939,578.24,2026-03-24,USR-15,APPR-01,PO-40938,104,104,104,5.56,5.56,50631
V-148,INV-10615,85032.48,2025-08-04,USR-09,APPR-04,PO-40614,13,13,13,6540.96,6540.96,50632
V-122,INV-10244,1745.04,2025-09-26,USR-06,APPR-02,PO-40243,66,66,66,26.44,26.44,50633
V-130,INV-10824,150.08,2025-12-29,USR-04,APPR-04,PO-40823,16,16,16,9.38,9.38,50634
V-129,INV-10761,52541.25,2025-07-14,USR-13,APPR-01,PO-40760,125,125,125,420.33,420.33,50635
V-120,INV-10722,380.07,2025-06-27,USR-12,APPR-07,PO-40721,123,123,123,3.09,3.09,50636
V-110,INV-10538,416.97,2025-10-20,USR-20,APPR-07,PO-40537,113,113,113,3.69,3.69,50637
V-157,INV-10595,19630.68,2026-02-27,USR-17,APPR-04,PO-40594,87,87,87,225.64,225.64,50638
V-152,INV-10698,11282.4,2025-07-23,USR-14,APPR-08,PO-40697,144,144,144,78.35,78.35,50639
V-144,INV-THR-124,9667.05,2025-07-21,USR-13,APPR-03,PO-40123,25,25,25,386.68,386.68,50640
V-141,INV-10513,85034.4,2026-03-12,USR-19,APPR-02,PO-40512,66,66,66,1288.4,1288.4,50641
V-156,INV-10782,2662.2,2025-02-04,USR-04,APPR-01,PO-40781,102,102,102,26.1,26.1,50642
V-129,INV-THR-115,9619.19,2025-11-17,USR-03,APPR-05,PO-40114,25,25,25,384.77,384.77,50643
V-112,INV-10956,85038.48,2025-08-22,USR-06,APPR-03,PO-40955,83,83,83,1024.56,1024.56,50644
V-137,INV-UNAPPR-144,1200.0,2025-05-23,USR-20,,PO-40143,30,30,30,40.0,40.0,50645
V-148,INV-10407,2967.72,2025-09-03,USR-16,APPR-04,PO-40406,84,84,84,35.33,35.33,50646
V-117,INV-RND-93,15000.0,2025-07-17,USR-02,APPR-07,PO-40092,20,20,20,750.0,750.0,50647
V-124,INV-10764,1155.77,2025-02-18,USR-19,APPR-04,PO-40763,77,77,77,15.01,15.01,50648
V-108,INV-10417,1919.52,2025-09-05,USR-05,APPR-06,PO-40416,31,31,31,61.92,61.92,50649
V-117,INV-10687,10450.22,2025-11-07,USR-06,APPR-07,PO-40686,11,11,11,950.02,950.02,50650
V-132,INV-10306,14165.42,2025-12-01,USR-18,APPR-05,PO-40305,17,17,17,833.26,833.26,50651
V-144,INV-10617,529.1,2026-02-02,USR-03,APPR-03,PO-40616,55,55,55,9.62,9.62,50652
V-122,INV-10322,3814.72,2025-12-29,USR-04,APPR-07,PO-40321,104,104,104,36.68,36.68,50653
V-123,INV-RND-86,75000.0,2025-04-14,USR-10,APPR-04,PO-40085,20,20,20,3750.0,3750.0,50654
V-151,INV-WKD-57,2264.94,2025-01-26,USR-15,APPR-05,PO-40056,40,40,40,56.62,56.62,50655
V-159,INV-10789,150.41,2025-08-04,USR-20,APPR-06,PO-40788,89,89,89,1.69,1.69,50656
V-139,INV-10667,36842.88,2025-04-14,USR-04,APPR-03,PO-40666,48,48,48,767.56,767.56,50657
V-142,INV-WKD-44,5994.15,2025-04-20,USR-12,APPR-08,PO-40043,40,40,40,149.85,149.85,50658
V-148,INV-10181,238.0,2025-05-05,USR-05,APPR-02,PO-40180,140,140,140,1.7,1.7,50659
V-132,INV-10564,21803.4,2025-03-17,USR-11,APPR-03,PO-40563,30,30,30,726.78,726.78,50660
V-135,INV-10285,1079.12,2026-02-16,USR-10,APPR-06,PO-40284,56,56,56,19.27,19.27,50661
V-150,INV-10265,8461.58,2025-12-15,USR-13,APPR-07,PO-40264,82,82,82,103.19,103.19,50662
V-130,INV-SPLIT-63,4980.0,2025-12-04,USR-12,APPR-06,PO-40029,50,50,50,99.6,99.6,50663
V-154,INV-UNAPPR-140,2634.95,2025-02-24,USR-15,,PO-40139,30,30,30,87.83,87.83,50664
V-152,INV-10742,3980.76,2025-03-06,USR-15,APPR-04,PO-40741,98,98,98,40.62,40.62,50665
V-127,INV-3WM-164,8720.22,2025-05-05,USR-15,APPR-08,PO-40163,69,69,69,110.83,126.38,50666
V-109,INV-10762,1594.66,2026-01-07,USR-10,APPR-01,PO-40761,142,142,142,11.23,11.23,50667
V-120,INV-WKD-38,500.0,2025-02-02,USR-17,APPR-04,PO-40037,40,40,40,12.5,12.5,50668
V-157,INV-10663,3598.7,2025-04-03,USR-10,APPR-02,PO-40662,14,14,14,257.05,257.05,50669
V-107,INV-10794,85022.2,2026-01-19,USR-05,APPR-03,PO-40793,58,58,58,1465.9,1465.9,50670
V-150,INV-10763,984.75,2025-06-03,USR-09,APPR-03,PO-40762,15,15,15,65.65,65.65,50671
V-145,INV-10574,85042.76,2025-11-03,USR-04,APPR-07,PO-40573,22,22,22,3865.58,3865.58,50672
V-125,INV-10498,7060.77,2025-07-30,USR-05,APPR-07,PO-40497,81,81,81,87.17,87.17,50673
V-103,INV-10476,417.48,2025-09-15,USR-13,APPR-02,PO-40475,142,142,142,2.94,2.94,50674
V-149,INV-10318,6556.98,2025-07-11,USR-05,APPR-04,PO-40317,103,103,103,63.66,63.66,50675
V-129,INV-10252,41508.5,2025-06-16,USR-04,APPR-06,PO-40251,25,25,25,1660.34,1660.34,50676
V-150,INV-10835,237.12,2025-09-26,USR-07,APPR-02,PO-40834,19,19,19,12.48,12.48,50677
V-141,INV-10197,2986.78,2025-02-07,USR-14,APPR-05,PO-40196,86,86,86,34.73,34.73,50678
V-107,INV-3WM-154,66900.56,2025-05-22,USR-07,APPR-05,PO-40153,184,184,184,303.6,363.59,50679
V-125,INV-THR-117,9575.51,2025-03-12,USR-05,APPR-04,PO-40116,25,25,25,383.02,383.02,50680
V-123,INV-10245,45099.45,2025-09-19,USR-05,APPR-04,PO-40244,99,99,99,455.55,455.55,50681
V-110,INV-10416,2771.04,2025-08-18,USR-12,APPR-01,PO-40415,138,138,138,20.08,20.08,50682
V-152,INV-10242,195.57,2025-05-29,USR-20,APPR-08,PO-40241,53,53,53,3.69,3.69,50683
V-149,INV-10616,7829.12,2025-11-14,USR-19,APPR-04,PO-40615,104,104,104,75.28,75.28,50684
V-140,INV-10263,22374.93,2025-07-30,USR-10,APPR-08,PO-40262,123,123,123,181.91,181.91,50685
V-145,INV-3WM-165,8721.64,2025-05-30,USR-15,APPR-02,PO-40164,123,123,142,61.42,61.42,50686
V-104,INV-10662,488.33,2025-03-10,USR-06,APPR-05,PO-40661,47,47,47,10.39,10.39,50687
V-106,INV-10294,150.06,2025-04-14,USR-11,APPR-06,PO-40293,123,123,123,1.22,1.22,50688
V-144,INV-10790,364.08,2025-08-18,USR-07,APPR-03,PO-40789,148,148,148,2.46,2.46,50689
V-137,INV-10423,150.02,2025-07-21,USR-04,APPR-03,PO-40422,26,26,26,5.77,5.77,50690
V-142,INV-10209,43279.5,2025-01-13,USR-03,APPR-08,PO-40208,66,66,66,655.75,655.75,50691
V-133,INV-10650,3133.98,2026-02-02,USR-03,APPR-07,PO-40649,138,138,138,22.71,22.71,50692
V-107,INV-WKD-66,19983.55,2025-11-16,USR-03,APPR-04,PO-40065,40,40,40,499.59,499.59,50693
V-156,INV-10327,4501.9,2025-07-31,USR-02,APPR-03,PO-40326,130,130,130,34.63,34.63,50694
V-115,INV-10421,14263.04,2025-10-10,USR-13,APPR-03,PO-40420,128,128,128,111.43,111.43,50695
V-151,INV-10446,15778.5,2026-03-02,USR-11,APPR-01,PO-40445,134,134,134,117.75,117.75,50696
V-147,INV-10730,9268.34,2025-04-07,USR-01,APPR-04,PO-40729,122,122,122,75.97,75.97,50697
V-146,INV-3WM-155,24154.47,2025-04-28,USR-18,APPR-03,PO-40154,127,127,137,176.31,176.31,50698
V-144,INV-10247,4754.16,2026-02-02,USR-19,APPR-06,PO-40246,124,124,124,38.34,38.34,50699
V-115,INV-3WM-152,40855.08,2025-06-30,USR-04,APPR-04,PO-40151,119,119,119,296.0,343.32,50700
V-115,INV-10474,855.27,2025-04-02,USR-11,APPR-04,PO-40473,117,117,117,7.31,7.31,50701
V-124,INV-10374,23591.92,2025-07-14,USR-17,APPR-08,PO-40373,76,76,76,310.42,310.42,50702
V-154,INV-10973,381.06,2025-05-29,USR-19,APPR-05,PO-40972,87,87,87,4.38,4.38,50703
V-151,INV-10535,277.42,2025-09-24,USR-14,APPR-02,PO-40534,143,143,143,1.94,1.94,50704
V-157,INV-WKD-62,500.0,2026-01-24,USR-19,APPR-04,PO-40061,40,40,40,12.5,12.5,50705
V-132,INV-10642,189.28,2025-02-21,USR-15,APPR-06,PO-40641,91,91,91,2.08,2.08,50706
V-158,INV-10580,80750.25,2025-03-18,USR-09,APPR-04,PO-40579,35,35,35,2307.15,2307.15,50707
V-132,INV-10445,395.52,2026-02-12,USR-09,APPR-06,PO-40444,64,64,64,6.18,6.18,50708
V-139,INV-10766,2172.6,2026-01-06,USR-10,APPR-01,PO-40765,34,34,34,63.9,63.9,50709
V-112,INV-10546,1488.0,2025-12-15,USR-16,APPR-06,PO-40545,124,124,124,12.0,12.0,50710
V-157,INV-10654,1387.26,2025-12-09,USR-02,APPR-01,PO-40653,126,126,126,11.01,11.01,50711
V-116,INV-10275,1002.0,2026-01-05,USR-19,APPR-07,PO-40274,100,100,100,10.02,10.02,50712
V-110,INV-10479,59003.28,2026-02-02,USR-01,APPR-07,PO-40478,72,72,72,819.49,819.49,50713
V-105,INV-10911,311.52,2026-03-04,USR-07,APPR-07,PO-40910,66,66,66,4.72,4.72,50714
V-148,INV-10219,226.38,2025-10-29,USR-14,APPR-02,PO-40218,42,42,42,5.39,5.39,50715
V-151,INV-10964,458.04,2025-01-29,USR-09,APPR-04,PO-40963,66,66,66,6.94,6.94,50716
V-121,INV-10591,307.8,2026-03-13,USR-08,APPR-06,PO-40590,135,135,135,2.28,2.28,50717
V-111,INV-10192,58725.12,2025-02-20,USR-10,APPR-01,PO-40191,123,123,123,477.44,477.44,50718
V-136,INV-10529,24139.32,2025-12-09,USR-02,APPR-07,PO-40528,68,68,68,354.99,354.99,50719
V-152,INV-10643,45841.18,2025-11-12,USR-11,APPR-07,PO-40642,103,103,103,445.06,445.06,50720
V-105,INV-SPLIT-22,4920.0,2026-01-18,USR-13,APPR-02,PO-40019,50,50,50,98.4,98.4,50721
V-115,INV-10185,12387.6,2026-03-23,USR-14,APPR-01,PO-40184,108,108,108,114.7,114.7,50722
V-104,INV-10561,3850.6,2025-05-14,USR-19,APPR-02,PO-40560,130,130,130,29.62,29.62,50723
V-108,INV-10688,150.35,2025-09-17,USR-17,APPR-05,PO-40687,97,97,97,1.55,1.55,50724
V-135,INV-10465,396.41,2025-02-10,USR-11,APPR-07,PO-40464,49,49,49,8.09,8.09,50725
V-112,INV-10792,19485.2,2025-06-12,USR-11,APPR-03,PO-40791,40,40,40,487.13,487.13,50726
V-142,INV-10749,32830.86,2026-01-28,USR-11,APPR-02,PO-40748,114,114,114,287.99,287.99,50727
V-143,INV-10258,37915.92,2025-06-09,USR-17,APPR-02,PO-40257,42,42,42,902.76,902.76,50728
V-143,INV-10751,303.02,2025-02-24,USR-16,APPR-05,PO-40750,109,109,109,2.78,2.78,50729
V-140,INV-10425,234.95,2025-11-10,USR-06,APPR-05,PO-40424,127,127,127,1.85,1.85,50730
V-148,INV-10205,1966.05,2026-03-02,USR-11,APPR-02,PO-40204,85,85,85,23.13,23.13,50731
V-138,INV-10321,27392.72,2025-03-25,USR-11,APPR-08,PO-40320,86,86,86,318.52,318.52,50732
V-153,INV-10855,3325.2,2025-02-28,USR-15,APPR-03,PO-40854,34,34,34,97.8,97.8,50733
V-106,INV-10680,225.68,2025-11-04,USR-20,APPR-01,PO-40679,104,104,104,2.17,2.17,50734
V-141,INV-10444,50930.81,2026-03-23,USR-12,APPR-02,PO-40443,127,127,127,401.03,401.03,50735
V-114,INV-10308,1415.68,2025-12-19,USR-11,APPR-03,PO-40307,128,128,128,11.06,11.06,50736
V-135,INV-10899,27808.65,2025-08-12,USR-08,APPR-01,PO-40898,27,27,27,1029.95,1029.95,50737
V-118,INV-10310,3241.46,2025-09-22,USR-15,APPR-04,PO-40309,41,41,41,79.06,79.06,50738
V-133,INV-10668,70390.98,2025-09-01,USR-04,APPR-02,PO-40667,146,146,146,482.13,482.13,50739
V-108,INV-10912,66783.3,2025-06-23,USR-19,APPR-03,PO-40911,93,93,93,718.1,718.1,50740
V-124,INV-10356,276.12,2025-05-27,USR-13,APPR-08,PO-40355,117,117,117,2.36,2.36,50741
V-104,INV-10215,665.55,2026-03-11,USR-11,APPR-04,PO-40214,15,15,15,44.37,44.37,50742
V-135,INV-10438,180.18,2026-02-06,USR-09,APPR-03,PO-40437,99,99,99,1.82,1.82,50743
V-108,INV-10487,1466.04,2025-03-21,USR-18,APPR-06,PO-40486,114,114,114,12.86,12.86,50744
V-103,INV-10544,182.5,2025-03-31,USR-15,APPR-01,PO-40543,73,73,73,2.5,2.5,50745
V-107,INV-10581,9263.76,2025-08-22,USR-06,APPR-01,PO-40580,22,22,22,421.08,421.08,50746
V-143,INV-WKD-69,42993.49,2025-10-19,USR-04,APPR-03,PO-40068,40,40,40,1074.84,1074.84,50747
V-129,INV-10957,198.24,2025-03-24,USR-09,APPR-06,PO-40956,42,42,42,4.72,4.72,50748
V-150,INV-10772,239.58,2025-10-08,USR-05,APPR-03,PO-40771,121,121,121,1.98,1.98,50749
V-146,INV-10808,29070.51,2025-05-09,USR-04,APPR-02,PO-40807,51,51,51,570.01,570.01,50750
V-143,INV-RND-98,60000.0,2025-04-09,USR-13,APPR-03,PO-40097,20,20,20,3000.0,3000.0,50751
V-129,INV-10593,24480.53,2025-08-25,USR-11,APPR-02,PO-40592,137,137,137,178.69,178.69,50752
V-131,INV-10735,551.88,2025-08-25,USR-13,APPR-05,PO-40734,63,63,63,8.76,8.76,50753
V-140,INV-RND-95,35000.0,2025-12-08,USR-11,APPR-02,PO-40094,20,20,20,1750.0,1750.0,50754
V-105,INV-10640,54612.0,2026-03-12,USR-10,APPR-02,PO-40639,150,150,150,364.08,364.08,50755
V-101,INV-10232,1920.6,2025-04-03,USR-06,APPR-03,PO-40231,99,99,99,19.4,19.4,50756
V-133,INV-10412,10450.68,2025-08-18,USR-14,APPR-01,PO-40411,146,146,146,71.58,71.58,50757
V-101,INV-10588,225.9,2025-07-30,USR-17,APPR-04,PO-40587,90,90,90,2.51,2.51,50758
V-106,INV-10305,881.62,2026-03-09,USR-02,APPR-05,PO-40304,17,17,17,51.86,51.86,50759
V-116,INV-WKD-49,45000.0,2026-02-21,USR-16,APPR-07,PO-40048,40,40,40,1125.0,1125.0,50760
V-154,INV-10272,150.15,2025-11-12,USR-05,APPR-07,PO-40271,65,65,65,2.31,2.31,50761
V-155,INV-10295,12903.44,2025-12-30,USR-06,APPR-03,PO-40294,86,86,86,150.04,150.04,50762
V-138,INV-10220,1776.6,2026-01-19,USR-04,APPR-08,PO-40219,141,141,141,12.6,12.6,50763
V-156,INV-10549,14094.6,2025-12-15,USR-01,APPR-08,PO-40548,15,15,15,939.64,939.64,50764
V-103,INV-RND-78,10000.0,2025-08-11,USR-10,APPR-06,PO-40077,20,20,20,500.0,500.0,50765
V-149,INV-10651,32388.72,2025-07-07,USR-17,APPR-03,PO-40650,52,52,52,622.86,622.86,50766
V-106,INV-10771,2147.52,2025-04-24,USR-16,APPR-01,PO-40770,96,96,96,22.37,22.37,50767
V-103,INV-10904,7734.6,2025-02-13,USR-07,APPR-01,PO-40903,45,45,45,171.88,171.88,50768
V-129,INV-10447,1016.5,2025-01-24,USR-15,APPR-01,PO-40446,50,50,50,20.33,20.33,50769
V-132,INV-10976,412.0,2025-12-19,USR-03,APPR-06,PO-40975,80,80,80,5.15,5.15,50770
V-120,INV-10307,9244.53,2025-11-25,USR-15,APPR-02,PO-40306,113,113,113,81.81,81.81,50771
V-112,INV-10630,508.76,2025-08-25,USR-09,APPR-02,PO-40629,23,23,23,22.12,22.12,50772
V-149,INV-10171,18358.8,2025-01-14,USR-09,APPR-01,PO-40170,15,15,15,1223.92,1223.92,50773
V-148,INV-10348,149.94,2025-11-11,USR-20,APPR-06,PO-40347,126,126,126,1.19,1.19,50774
V-118,INV-10684,196.48,2025-07-04,USR-13,APPR-06,PO-40683,32,32,32,6.14,6.14,50775
V-129,INV-10515,57292.6,2026-02-25,USR-01,APPR-05,PO-40514,95,95,95,603.08,603.08,50776
V-122,INV-10509,23955.4,2025-02-07,USR-10,APPR-06,PO-40508,35,35,35,684.44,684.44,50777
V-120,INV-10345,2753.26,2025-05-14,USR-19,APPR-01,PO-40344,94,94,94,29.29,29.29,50778
V-124,INV-10211,11356.38,2025-03-03,USR-18,APPR-07,PO-40210,126,126,126,90.13,90.13,50779
V-155,INV-10860,14041.44,2025-10-27,USR-10,APPR-01,PO-40859,42,42,42,334.32,334.32,50780
V-123,INV-10708,29317.5,2025-07-04,USR-01,APPR-07,PO-40707,75,75,75,390.9,390.9,50781
V-141,INV-THR-103,9755.63,2025-05-26,USR-20,APPR-06,PO-40102,25,25,25,390.23,390.23,50782
V-102,INV-10501,149.82,2025-07-18,USR-09,APPR-01,PO-40500,66,66,66,2.27,2.27,50783
V-144,INV-THR-101,9719.24,2025-08-27,USR-07,APPR-08,PO-40100,25,25,25,388.77,388.77,50784
V-131,INV-10587,4610.89,2025-04-03,USR-16,APPR-02,PO-40586,43,43,43,107.23,107.23,50785
V-119,INV-10331,5479.2,2025-12-22,USR-04,APPR-07,PO-40330,80,80,80,68.49,68.49,50786
V-156,INV-10400,259.47,2025-02-17,USR-13,APPR-01,PO-40399,93,93,93,2.79,2.79,50787
V-108,INV-10585,2799.16,2026-03-04,USR-05,APPR-01,PO-40584,52,52,52,53.83,53.83,50788
V-137,INV-10843,293.56,2025-10-09,USR-08,APPR-03,PO-40842,82,82,82,3.58,3.58,50789
V-110,INV-10325,47745.54,2025-09-26,USR-08,APPR-01,PO-40324,107,107,107,446.22,446.22,50790
V-112,INV-SPLIT-32,9200.0,2026-02-24,USR-19,APPR-04,PO-40022,50,50,50,184.0,184.0,50791
V-150,INV-10603,84828.8,2025-10-13,USR-06,APPR-03,PO-40602,140,140,140,605.92,605.92,50792
V-116,INV-10481,5104.0,2026-03-11,USR-14,APPR-08,PO-40480,145,145,145,35.2,35.2,50793
V-139,INV-10713,22913.28,2025-04-28,USR-13,APPR-05,PO-40712,78,78,78,293.76,293.76,50794
V-126,INV-10800,2886.94,2025-12-19,USR-02,APPR-07,PO-40799,119,119,119,24.26,24.26,50795
V-141,INV-10274,1596.14,2025-02-03,USR-17,APPR-04,PO-40273,14,14,14,114.01,114.01,50796
V-135,INV-10432,5032.37,2026-02-12,USR-10,APPR-03,PO-40431,67,67,67,75.11,75.11,50797
V-149,INV-10528,1563.84,2025-08-27,USR-04,APPR-02,PO-40527,48,48,48,32.58,32.58,50798
V-107,INV-10582,13126.62,2026-03-13,USR-02,APPR-01,PO-40581,39,39,39,336.58,336.58,50799
V-136,INV-10433,27724.96,2026-02-04,USR-17,APPR-02,PO-40432,136,136,136,203.86,203.86,50800
V-110,INV-10674,1408.59,2025-12-02,USR-14,APPR-05,PO-40673,37,37,37,38.07,38.07,50801
V-115,INV-10472,16740.36,2026-02-02,USR-17,APPR-01,PO-40471,39,39,39,429.24,429.24,50802
V-150,INV-WKD-39,500.0,2025-09-28,USR-17,APPR-01,PO-40038,40,40,40,12.5,12.5,50803
V-116,INV-10334,411.09,2025-10-15,USR-02,APPR-04,PO-40333,71,71,71,5.79,5.79,50804
V-138,INV-10552,28241.73,2025-08-27,USR-04,APPR-01,PO-40551,111,111,111,254.43,254.43,50805
V-105,INV-SPLIT-23,5100.0,2026-01-18,USR-18,APPR-05,PO-40020,50,50,50,102.0,102.0,50806
V-119,INV-10174,432.48,2025-06-16,USR-13,APPR-01,PO-40173,136,136,136,3.18,3.18,50807
V-130,INV-10346,42362.8,2025-05-14,USR-10,APPR-03,PO-40345,40,40,40,1059.07,1059.07,50808
V-122,INV-THR-118,9705.94,2025-02-03,USR-18,APPR-08,PO-40117,25,25,25,388.24,388.24,50809
V-130,INV-10313,393.37,2025-06-09,USR-08,APPR-04,PO-40312,139,139,139,2.83,2.83,50810
V-135,INV-WKD-68,500.0,2025-11-29,USR-10,APPR-01,PO-40067,40,40,40,12.5,12.5,50811
V-158,INV-10705,641.52,2025-09-01,USR-17,APPR-06,PO-40704,44,44,44,14.58,14.58,50812
V-143,INV-RND-87,1000.0,2025-04-25,USR-07,APPR-07,PO-40086,20,20,20,50.0,50.0,50813
V-114,INV-10607,56324.96,2025-12-31,USR-20,APPR-05,PO-40606,61,61,61,923.36,923.36,50814
V-112,INV-10867,2384.53,2025-09-18,USR-14,APPR-01,PO-40866,67,67,67,35.59,35.59,50815
V-115,INV-10664,2866.24,2025-04-21,USR-14,APPR-03,PO-40663,53,53,53,54.08,54.08,50816
V-137,INV-10241,185.64,2025-08-12,USR-13,APPR-07,PO-40240,119,119,119,1.56,1.56,50817
V-125,INV-10254,336.2,2025-09-26,USR-14,APPR-06,PO-40253,82,82,82,4.1,4.1,50818
V-159,INV-10251,38957.5,2025-08-25,USR-19,APPR-04,PO-40250,125,125,125,311.66,311.66,50819
V-136,INV-10902,6647.3,2025-02-11,USR-02,APPR-07,PO-40901,55,55,55,120.86,120.86,50820
V-159,INV-10848,885.4,2025-04-29,USR-12,APPR-07,PO-40847,76,76,76,11.65,11.65,50821
V-103,INV-10360,2188.42,2025-08-25,USR-14,APPR-01,PO-40359,38,38,38,57.59,57.59,50822
V-129,INV-10422,4395.0,2025-04-07,USR-19,APPR-07,PO-40421,60,60,60,73.25,73.25,50823
V-145,INV-10366,85041.32,2025-01-27,USR-14,APPR-07,PO-40365,91,91,91,934.52,934.52,50824
V-103,INV-10354,173.88,2025-07-22,USR-14,APPR-06,PO-40353,28,28,28,6.21,6.21,50825
V-155,INV-10439,9289.02,2025-06-16,USR-17,APPR-02,PO-40438,78,78,78,119.09,119.09,50826
V-114,INV-RND-100,30000.0,2025-06-05,USR-14,APPR-06,PO-40099,20,20,20,1500.0,1500.0,50827
V-102,INV-10390,85014.0,2025-12-17,USR-07,APPR-03,PO-40389,90,90,90,944.6,944.6,50828
V-104,INV-10350,23617.38,2025-09-29,USR-18,APPR-04,PO-40349,38,38,38,621.51,621.51,50829
V-123,INV-10641,15805.16,2025-05-09,USR-05,APPR-04,PO-40640,94,94,94,168.14,168.14,50830
V-109,INV-10962,44789.4,2025-06-23,USR-18,APPR-02,PO-40961,20,20,20,2239.47,2239.47,50831
V-132,INV-10924,51758.71,2025-02-24,USR-17,APPR-02,PO-40923,17,17,17,3044.63,3044.63,50832
V-154,INV-10598,500.0,2025-02-19,USR-10,APPR-06,PO-40597,100,100,100,5.0,5.0,50833
V-135,INV-10981,459.16,2026-01-28,USR-11,APPR-06,PO-40980,52,52,52,8.83,8.83,50834
V-159,INV-10895,3218.26,2025-03-17,USR-15,APPR-05,PO-40894,37,37,37,86.98,86.98,50835
V-154,INV-10358,10449.99,2025-04-02,USR-01,APPR-01,PO-40357,67,67,67,155.97,155.97,50836
V-102,INV-10376,28639.92,2025-06-10,USR-09,APPR-07,PO-40375,47,47,47,609.36,609.36,50839
V-109,INV-UNAPPR-132,48000.0,2025-04-14,USR-16,,PO-40131,30,30,30,1600.0,1600.0,50840
V-158,INV-WKD-47,522.67,2025-06-21,USR-02,APPR-06,PO-40046,40,40,40,13.07,13.07,50841
V-150,INV-10983,151.2,2026-02-26,USR-16,APPR-07,PO-40982,105,105,105,1.44,1.44,50842
V-130,INV-SPLIT-62,4950.0,2025-12-04,USR-12,APPR-03,PO-40028,50,50,50,99.0,99.0,50843
V-127,INV-WKD-63,500.0,2025-02-01,USR-19,APPR-06,PO-40062,40,40,40,12.5,12.5,50844
V-144,INV-10329,23423.0,2025-03-31,USR-09,APPR-08,PO-40328,100,100,100,234.23,234.23,50845
V-132,INV-10292,149.91,2025-12-01,USR-17,APPR-07,PO-40291,57,57,57,2.63,2.63,50846
V-101,INV-10960,5927.04,2025-09-15,USR-18,APPR-06,PO-40959,49,49,49,120.96,120.96,50847
V-149,INV-10362,1234.35,2026-01-15,USR-02,APPR-03,PO-40361,65,65,65,18.99,18.99,50848
V-103,INV-10990,5042.36,2025-01-10,USR-17,APPR-01,PO-40989,37,37,37,136.28,136.28,50849
V-142,INV-10632,11182.93,2025-06-11,USR-20,APPR-02,PO-40631,11,11,11,1016.63,1016.63,50850
V-106,INV-10387,363.05,2025-07-14,USR-16,APPR-07,PO-40386,53,53,53,6.85,6.85,50851
V-120,INV-10606,28864.11,2025-03-12,USR-18,APPR-06,PO-40605,141,141,141,204.71,204.71,50852
V-122,INV-10507,22014.28,2025-01-01,USR-06,APPR-06,PO-40506,43,43,43,511.96,511.96,50854
V-154,INV-10270,231.7,2025-02-11,USR-11,APPR-03,PO-40269,35,35,35,6.62,6.62,50855
V-137,INV-10401,271.44,2025-05-30,USR-17,APPR-03,PO-40400,72,72,72,3.77,3.77,50856
V-136,INV-WKD-58,29953.23,2025-04-13,USR-16,APPR-03,PO-40057,40,40,40,748.83,748.83,50857
V-107,INV-10519,7020.12,2026-02-16,USR-03,APPR-06,PO-40518,76,76,76,92.37,92.37,50858
V-125,INV-3WM-161,34399.12,2025-11-07,USR-15,APPR-08,PO-40160,107,107,133,258.64,258.64,50859
V-127,INV-10576,45202.5,2025-08-04,USR-04,APPR-02,PO-40575,45,45,45,1004.5,1004.5,50860
V-134,INV-10950,4150.28,2025-02-27,USR-01,APPR-05,PO-40949,62,62,62,66.94,66.94,50861
V-103,INV-10482,970.53,2025-01-31,USR-08,APPR-07,PO-40481,33,33,33,29.41,29.41,50862
V-152,INV-10586,1909.88,2026-03-09,USR-19,APPR-08,PO-40585,133,133,133,14.36,14.36,50863
V-120,INV-10553,10450.08,2025-09-19,USR-04,APPR-08,PO-40552,82,82,82,127.44,127.44,50864
V-127,INV-10702,249.48,2025-11-10,USR-12,APPR-06,PO-40701,63,63,63,3.96,3.96,50865
V-141,INV-10568,51905.59,2025-06-16,USR-08,APPR-04,PO-40567,11,11,11,4718.69,4718.69,50866
V-119,INV-10875,1808.16,2025-10-21,USR-16,APPR-02,PO-40874,16,16,16,113.01,113.01,50867
V-160,INV-10900,8121.75,2025-07-16,USR-12,APPR-06,PO-40899,147,147,147,55.25,55.25,50868
V-116,INV-10692,85038.03,2025-07-31,USR-10,APPR-02,PO-40691,77,77,77,1104.39,1104.39,50869
V-158,INV-10583,11704.89,2026-03-13,USR-15,APPR-05,PO-40582,101,101,101,115.89,115.89,50870
V-129,INV-THR-113,9948.99,2026-03-02,USR-06,APPR-08,PO-40112,25,25,25,397.96,397.96,50871
V-158,INV-10890,4655.76,2026-03-16,USR-04,APPR-03,PO-40889,57,57,57,81.68,81.68,50872
V-123,INV-10500,5543.58,2026-02-05,USR-19,APPR-06,PO-40499,134,134,134,41.37,41.37,50873
V-127,INV-10399,1448.07,2025-03-10,USR-04,APPR-01,PO-40398,141,141,141,10.27,10.27,50874
V-153,INV-10733,318.94,2025-02-06,USR-13,APPR-01,PO-40732,74,74,74,4.31,4.31,50875
V-121,INV-10320,28930.5,2025-09-23,USR-20,APPR-06,PO-40319,45,45,45,642.9,642.9,50876
V-116,INV-10933,1735.21,2025-05-23,USR-11,APPR-07,PO-40932,73,73,73,23.77,23.77,50877
V-126,INV-10442,2075.37,2025-11-18,USR-17,APPR-05,PO-40441,33,33,33,62.89,62.89,50878
V-108,INV-10997,150.3,2025-08-06,USR-15,APPR-02,PO-40996,90,90,90,1.67,1.67,50879
V-118,INV-3WM-169,13934.48,2025-08-13,USR-17,APPR-08,PO-40168,127,127,149,93.52,93.52,50880
V-120,INV-10724,1945.68,2025-10-01,USR-01,APPR-07,PO-40723,132,132,132,14.74,14.74,50881
V-110,INV-10917,4691.54,2025-08-04,USR-09,APPR-08,PO-40916,62,62,62,75.67,75.67,50882
V-112,INV-10799,575.12,2025-04-24,USR-15,APPR-08,PO-40798,26,26,26,22.12,22.12,50883
V-136,INV-10676,34824.4,2025-07-31,USR-18,APPR-08,PO-40675,104,104,104,334.85,334.85,50884
V-123,INV-10571,734.4,2025-08-11,USR-07,APPR-03,PO-40570,135,135,135,5.44,5.44,50885
V-118,INV-10182,5338.99,2025-05-22,USR-01,APPR-05,PO-40181,139,139,139,38.41,38.41,50886
V-128,INV-WKD-34,500.0,2025-11-09,USR-20,APPR-02,PO-40033,40,40,40,12.5,12.5,50887
V-101,INV-WKD-37,1158.0,2025-10-18,USR-09,APPR-03,PO-40036,40,40,40,28.95,28.95,50888
V-124,INV-10471,2055.56,2025-09-12,USR-06,APPR-05,PO-40470,52,52,52,39.53,39.53,50889
V-105,INV-10454,163.3,2025-06-03,USR-17,APPR-01,PO-40453,46,46,46,3.55,3.55,50890
V-106,INV-10386,464.76,2025-06-03,USR-13,APPR-07,PO-40385,18,18,18,25.82,25.82,50891
V-104,INV-10874,83040.64,2025-12-22,USR-16,APPR-03,PO-40873,76,76,76,1092.64,1092.64,50892
V-139,INV-10323,28720.16,2025-10-27,USR-16,APPR-05,PO-40322,16,16,16,1795.01,1795.01,50893
V-144,INV-10461,14208.64,2025-06-12,USR-06,APPR-08,PO-40460,149,149,149,95.36,95.36,50894
V-104,INV-10393,85039.5,2026-02-09,USR-04,APPR-07,PO-40392,98,98,98,867.75,867.75,50895
V-154,INV-THR-122,9941.47,2026-03-13,USR-14,APPR-04,PO-40121,25,25,25,397.66,397.66,50896
V-132,INV-10441,1828.2,2025-05-08,USR-05,APPR-05,PO-40440,110,110,110,16.62,16.62,50897
V-106,INV-WKD-33,500.0,2025-05-03,USR-02,APPR-02,PO-40032,40,40,40,12.5,12.5,50898
V-133,INV-10783,73865.31,2025-05-30,USR-04,APPR-06,PO-40782,107,107,107,690.33,690.33,50899
V-105,INV-SPLIT-21,4850.0,2026-01-18,USR-18,APPR-02,PO-40018,50,50,50,97.0,97.0,50900
V-151,INV-10560,28712.97,2025-04-24,USR-11,APPR-06,PO-40559,117,117,117,245.41,245.41,50901
V-117,INV-10554,2640.0,2025-02-03,USR-10,APPR-04,PO-40553,80,80,80,33.0,33.0,50902
V-126,INV-10881,405.76,2025-01-28,USR-16,APPR-05,PO-40880,128,128,128,3.17,3.17,50903
V-158,INV-10829,161.7,2025-11-27,USR-11,APPR-08,PO-40828,147,147,147,1.1,1.1,50904
V-152,INV-10352,389.36,2026-01-05,USR-02,APPR-08,PO-40351,124,124,124,3.14,3.14,50905
V-159,INV-10556,1996.52,2026-01-05,USR-14,APPR-07,PO-40555,76,76,76,26.27,26.27,50906
V-159,INV-10268,882.42,2025-08-19,USR-08,APPR-08,PO-40267,33,33,33,26.74,26.74,50907
V-132,INV-10517,2968.15,2025-07-17,USR-13,APPR-06,PO-40516,115,115,115,25.81,25.81,50908
V-149,INV-10503,18162.0,2025-12-03,USR-08,APPR-07,PO-40502,24,24,24,756.75,756.75,50909
V-145,INV-10936,355.29,2025-08-20,USR-14,APPR-04,PO-40935,13,13,13,27.33,27.33,50910
V-126,INV-10678,610.4,2025-08-18,USR-11,APPR-01,PO-40677,140,140,140,4.36,4.36,50911
V-110,INV-10301,881.82,2025-09-15,USR-10,APPR-03,PO-40300,142,142,142,6.21,6.21,50912
V-130,INV-10207,626.07,2025-02-17,USR-12,APPR-05,PO-40206,41,41,41,15.27,15.27,50913
V-130,INV-10478,3738.96,2025-05-30,USR-12,APPR-08,PO-40477,72,72,72,51.93,51.93,50914
V-140,INV-10812,195.1,2025-11-17,USR-09,APPR-01,PO-40811,10,10,10,19.51,19.51,50915
V-154,INV-10505,55635.34,2025-12-29,USR-16,APPR-05,PO-40504,58,58,58,959.23,959.23,50916
V-133,INV-10786,4624.9,2025-06-27,USR-09,APPR-01,PO-40785,70,70,70,66.07,66.07,50917
V-154,INV-10533,24353.52,2025-01-22,USR-20,APPR-05,PO-40532,47,47,47,518.16,518.16,50918
V-129,INV-10770,315.7,2025-06-17,USR-20,APPR-02,PO-40769,110,110,110,2.87,2.87,50919
V-155,INV-10677,85037.85,2025-05-12,USR-04,APPR-04,PO-40676,45,45,45,1889.73,1889.73,50920
V-158,INV-RND-79,2500.0,2026-02-12,USR-12,APPR-04,PO-40078,20,20,20,125.0,125.0,50921
V-135,INV-10779,25379.7,2025-01-13,USR-17,APPR-05,PO-40778,62,62,62,409.35,409.35,50922
V-126,INV-RND-99,30000.0,2025-11-12,USR-18,APPR-01,PO-40098,20,20,20,1500.0,1500.0,50923
V-108,INV-10639,18346.64,2025-03-24,USR-06,APPR-01,PO-40638,59,59,59,310.96,310.96,50924
V-137,INV-10637,712.25,2025-10-13,USR-20,APPR-07,PO-40636,11,11,11,64.75,64.75,50925
V-116,INV-10311,1944.54,2025-03-14,USR-06,APPR-06,PO-40310,117,117,117,16.62,16.62,50926
V-131,INV-3WM-157,76421.75,2025-02-24,USR-16,APPR-08,PO-40156,196,196,215,355.45,355.45,50927
V-107,INV-10335,149.5,2025-11-24,USR-05,APPR-01,PO-40334,130,130,130,1.15,1.15,50928
V-140,INV-10696,690.88,2025-03-21,USR-01,APPR-01,PO-40695,136,136,136,5.08,5.08,50929
V-132,INV-10620,80508.93,2025-03-20,USR-19,APPR-06,PO-40619,87,87,87,925.39,925.39,50930
V-122,INV-10392,6676.28,2025-10-20,USR-13,APPR-03,PO-40391,148,148,148,45.11,45.11,50931
V-158,INV-11000,2188.62,2025-10-13,USR-16,APPR-06,PO-40999,27,27,27,81.06,81.06,50932
V-130,INV-SPLIT-61,4900.0,2025-12-04,USR-09,APPR-08,PO-40027,50,50,50,98.0,98.0,50933
V-154,INV-10695,1206.58,2026-01-12,USR-08,APPR-06,PO-40694,61,61,61,19.78,19.78,50934
V-115,INV-10511,85034.93,2025-12-29,USR-19,APPR-03,PO-40510,101,101,101,841.93,841.93,50935
V-110,INV-WKD-70,500.0,2025-08-10,USR-09,APPR-05,PO-40069,40,40,40,12.5,12.5,50936
V-136,INV-10851,17966.67,2025-09-18,USR-03,APPR-05,PO-40850,93,93,93,193.19,193.19,50937
V-106,INV-WKD-55,18359.44,2025-12-13,USR-08,APPR-03,PO-40054,40,40,40,458.99,458.99,50938
V-136,INV-10756,356.4,2025-04-09,USR-18,APPR-07,PO-40755,55,55,55,6.48,6.48,50939
V-151,INV-THR-102,9946.18,2026-02-11,USR-06,APPR-02,PO-40101,25,25,25,397.85,397.85,50940
V-117,INV-WKD-31,24588.06,2025-07-06,USR-05,APPR-04,PO-40030,40,40,40,614.7,614.7,50941
V-128,INV-UNAPPR-138,1200.0,2026-02-12,USR-12,,PO-40137,30,30,30,40.0,40.0,50942
V-118,INV-10644,177.87,2025-03-28,USR-12,APPR-03,PO-40643,121,121,121,1.47,1.47,50943
V-143,INV-10237,15930.72,2025-02-26,USR-10,APPR-01,PO-40236,144,144,144,110.63,110.63,50944
V-142,INV-10510,85041.76,2025-03-11,USR-11,APPR-03,PO-40509,134,134,134,634.64,634.64,50945
V-111,INV-10502,85033.53,2026-02-19,USR-04,APPR-04,PO-40501,69,69,69,1232.37,1232.37,50946
V-109,INV-10257,26984.1,2025-06-30,USR-20,APPR-02,PO-40256,110,110,110,245.31,245.31,50947
V-147,INV-10969,279.66,2026-02-16,USR-14,APPR-03,PO-40968,118,118,118,2.37,2.37,50949
V-143,INV-THR-111,9896.9,2025-03-10,USR-17,APPR-06,PO-40110,25,25,25,395.88,395.88,50950
V-120,INV-10466,46809.88,2025-10-28,USR-14,APPR-04,PO-40465,26,26,26,1800.38,1800.38,50951
V-136,INV-10787,1889.55,2025-11-17,USR-09,APPR-04,PO-40786,17,17,17,111.15,111.15,50952
V-148,INV-3WM-151,39238.92,2025-09-01,USR-18,APPR-06,PO-40150,138,138,161,243.72,243.72,50953
V-123,INV-10963,18407.8,2025-06-09,USR-03,APPR-06,PO-40962,124,124,124,148.45,148.45,50954
V-153,INV-10524,149.6,2025-03-20,USR-20,APPR-08,PO-40523,85,85,85,1.76,1.76,50955
V-142,INV-10497,203.76,2025-05-26,USR-10,APPR-08,PO-40496,72,72,72,2.83,2.83,50956
V-136,INV-10415,1221.2,2025-02-24,USR-19,APPR-04,PO-40414,142,142,142,8.6,8.6,50957
V-118,INV-10618,537.88,2025-03-31,USR-18,APPR-05,PO-40617,119,119,119,4.52,4.52,50958
V-140,INV-10683,15104.79,2025-04-10,USR-06,APPR-01,PO-40682,69,69,69,218.91,218.91,50959
V-106,INV-10488,1462.8,2026-01-30,USR-06,APPR-05,PO-40487,40,40,40,36.57,36.57,50960
V-141,INV-10365,18796.32,2025-05-21,USR-14,APPR-08,PO-40364,54,54,54,348.08,348.08,50961
V-144,INV-10410,10692.06,2026-02-13,USR-16,APPR-03,PO-40409,114,114,114,93.79,93.79,50962
V-131,INV-10660,248.16,2026-02-20,USR-07,APPR-03,PO-40659,132,132,132,1.88,1.88,50963
V-106,INV-10821,17297.05,2025-11-10,USR-16,APPR-05,PO-40820,145,145,145,119.29,119.29,50964
V-146,INV-10809,53628.48,2025-02-28,USR-13,APPR-03,PO-40808,144,144,144,372.42,372.42,50965
V-150,INV-10775,2344.16,2025-07-07,USR-10,APPR-03,PO-40774,16,16,16,146.51,146.51,50966
V-103,INV-10280,149.86,2025-11-20,USR-10,APPR-04,PO-40279,127,127,127,1.18,1.18,50967
V-133,INV-10608,21326.8,2025-12-18,USR-18,APPR-06,PO-40607,55,55,55,387.76,387.76,50968
V-153,INV-10596,4362.87,2025-12-02,USR-08,APPR-08,PO-40595,23,23,23,189.69,189.69,50969
V-126,INV-10785,13049.1,2025-01-21,USR-06,APPR-01,PO-40784,135,135,135,96.66,96.66,50970
V-120,INV-10731,1216.8,2025-02-17,USR-16,APPR-06,PO-40730,117,117,117,10.4,10.4,50971
V-133,INV-10784,70880.4,2025-09-08,USR-15,APPR-01,PO-40783,60,60,60,1181.34,1181.34,50972
V-139,INV-10286,12955.52,2025-02-24,USR-14,APPR-03,PO-40285,124,124,124,104.48,104.48,50973
V-147,INV-10512,22944.9,2025-07-14,USR-01,APPR-07,PO-40511,55,55,55,417.18,417.18,50974
V-158,INV-10743,4723.42,2025-01-13,USR-02,APPR-08,PO-40742,74,74,74,63.83,63.83,50975
V-120,INV-10435,1102.3,2025-10-07,USR-02,APPR-08,PO-40434,73,73,73,15.1,15.1,50976
V-146,INV-10859,33045.1,2025-06-03,USR-12,APPR-02,PO-40858,121,121,121,273.1,273.1,50977
V-148,INV-10239,1119.29,2026-01-27,USR-14,APPR-03,PO-40238,137,137,137,8.17,8.17,50978
V-142,INV-UNAPPR-126,30270.99,2025-07-21,USR-14,,PO-40125,30,30,30,1009.03,1009.03,50979
V-149,INV-10414,455.84,2025-03-27,USR-11,APPR-07,PO-40413,112,112,112,4.07,4.07,50980
V-109,INV-10865,18848.17,2025-11-28,USR-03,APPR-03,PO-40864,121,121,121,155.77,155.77,50981
V-125,INV-10610,251.68,2026-03-10,USR-05,APPR-01,PO-40609,16,16,16,15.73,15.73,50982
V-156,INV-10206,974.85,2025-08-28,USR-13,APPR-06,PO-40205,67,67,67,14.55,14.55,50983
V-141,INV-10347,47697.6,2025-07-28,USR-10,APPR-06,PO-40346,40,40,40,1192.44,1192.44,50984
V-157,INV-10204,213.12,2026-01-19,USR-12,APPR-05,PO-40203,148,148,148,1.44,1.44,50985
V-136,INV-10373,42044.78,2025-05-05,USR-11,APPR-05,PO-40372,71,71,71,592.18,592.18,50986
V-157,INV-WKD-67,500.0,2025-12-28,USR-03,APPR-04,PO-40066,40,40,40,12.5,12.5,50987
V-123,INV-10173,2967.9,2025-10-27,USR-14,APPR-06,PO-40172,130,130,130,22.83,22.83,50988
V-136,INV-10914,1167.92,2025-05-21,USR-06,APPR-08,PO-40913,104,104,104,11.23,11.23,50989
V-113,INV-10948,49452.78,2025-08-20,USR-15,APPR-02,PO-40947,26,26,26,1902.03,1902.03,50990
V-137,INV-10760,43234.03,2026-01-27,USR-18,APPR-04,PO-40759,71,71,71,608.93,608.93,50991
V-110,INV-THR-105,9899.44,2025-04-28,USR-01,APPR-01,PO-40104,25,25,25,395.98,395.98,50992
V-119,INV-10605,827.41,2025-11-10,USR-15,APPR-03,PO-40604,97,97,97,8.53,8.53,50993
V-106,INV-10712,44047.36,2025-08-04,USR-06,APPR-06,PO-40711,28,28,28,1573.12,1573.12,50994
V-151,INV-10411,2658.54,2025-11-21,USR-13,APPR-02,PO-40410,118,118,118,22.53,22.53,50995
V-152,INV-10405,8840.34,2025-01-06,USR-11,APPR-08,PO-40404,107,107,107,82.62,82.62,50996
V-113,INV-UNAPPR-147,48000.0,2025-12-26,USR-03,,PO-40146,30,30,30,1600.0,1600.0,50997
V-128,INV-THR-123,9609.39,2025-09-08,USR-16,APPR-01,PO-40122,25,25,25,384.38,384.38,50998
V-156,INV-RND-88,25000.0,2025-06-18,USR-03,APPR-05,PO-40087,20,20,20,1250.0,1250.0,50999
V-131,INV-10693,4076.05,2025-07-24,USR-11,APPR-06,PO-40692,55,55,55,74.11,74.11,51000
V-144,INV-10675,7564.0,2025-05-14,USR-13,APPR-04,PO-40674,80,80,80,94.55,94.55,51001
V-160,INV-10536,15878.8,2025-08-01,USR-04,APPR-02,PO-40535,35,35,35,453.68,453.68,51002
V-104,INV-10449,236.6,2025-12-02,USR-13,APPR-05,PO-40448,52,52,52,4.55,4.55,51003
V-120,INV-10406,29741.36,2025-06-23,USR-11,APPR-04,PO-40405,44,44,44,675.94,675.94,51004
V-110,INV-THR-108,9698.43,2025-09-11,USR-01,APPR-02,PO-40107,25,25,25,387.94,387.94,51005
V-125,INV-10689,32501.52,2026-03-25,USR-19,APPR-08,PO-40688,123,123,123,264.24,264.24,51006
V-152,INV-10504,817.18,2025-07-01,USR-12,APPR-01,PO-40503,91,91,91,8.98,8.98,51007
V-144,INV-10691,149.82,2025-09-04,USR-08,APPR-06,PO-40690,66,66,66,2.27,2.27,51008
V-117,INV-DUP-8807,44200.0,2025-02-05,USR-11,APPR-02,PO-40013,100,100,100,442.0,442.0,51009
V-125,INV-10184,3550.67,2025-10-03,USR-15,APPR-06,PO-40183,149,149,149,23.83,23.83,51010
