user_id,username,department,assigned_role,system_permissions,status
U-1001,Ahmed Zahra,Finance,Vendor Master Admin,"SAP_MM_VENDOR_CREATE, SAP_MM_VENDOR_EDIT",Active
U-1001,Ahmed Zahra,Finance,Disbursement Cashier,"SAP_FI_PAY_DISBURSE, SAP_FI_CHECK_PRINT",Active
U-1002,Elena Miller,Finance,Vendor Master Admin,"SAP_MM_VENDOR_CREATE, SAP_MM_VENDOR_EDIT",Active
U-1002,Elena Miller,Finance,Disbursement Cashier,"SAP_FI_PAY_DISBURSE, SAP_FI_CHECK_PRINT",Active
U-1003,Michael Kassem,Finance,Vendor Master Admin,"SAP_MM_VENDOR_CREATE, SAP_MM_VENDOR_EDIT",Active
U-1003,Michael Kassem,Finance,Disbursement Cashier,"SAP_FI_PAY_DISBURSE, SAP_FI_CHECK_PRINT",Active
U-1004,Fatima Doe,Finance,Vendor Master Admin,"SAP_MM_VENDOR_CREATE, SAP_MM_VENDOR_EDIT",Active
U-1004,Fatima Doe,Finance,Disbursement Cashier,"SAP_FI_PAY_DISBURSE, SAP_FI_CHECK_PRINT",Active
U-1005,Tariq Farooq,Operations,Purchase Requisitioner,"SAP_MM_PR_CREATE, SAP_MM_PR_SUBMIT",Active
U-1005,Tariq Farooq,Operations,Purchase Order Approver,"SAP_MM_PO_APPROVE, SAP_MM_RELEASE_T1",Active
U-1006,Sarah Wei,Operations,Purchase Requisitioner,"SAP_MM_PR_CREATE, SAP_MM_PR_SUBMIT",Active
U-1006,Sarah Wei,Operations,Purchase Order Approver,"SAP_MM_PO_APPROVE, SAP_MM_RELEASE_T1",Active
U-1007,David Al-Otaibi,Operations,Purchase Requisitioner,"SAP_MM_PR_CREATE, SAP_MM_PR_SUBMIT",Active
U-1007,David Al-Otaibi,Operations,Purchase Order Approver,"SAP_MM_PO_APPROVE, SAP_MM_RELEASE_T1",Active
U-1008,Chloe Patel,Operations,Purchase Requisitioner,"SAP_MM_PR_CREATE, SAP_MM_PR_SUBMIT",Active
U-1008,Chloe Patel,Operations,Purchase Order Approver,"SAP_MM_PO_APPROVE, SAP_MM_RELEASE_T1",Active
U-1009,Hiroshi Malik,Operations,Purchase Requisitioner,"SAP_MM_PR_CREATE, SAP_MM_PR_SUBMIT",Active
U-1009,Hiroshi Malik,Operations,Purchase Order Approver,"SAP_MM_PO_APPROVE, SAP_MM_RELEASE_T1",Active
U-1010,Amira Haddad,Finance,Invoice Processing Clerk,"SAP_FI_INV_ENTRY, SAP_FI_INV_VERIFY",Active
U-1010,Amira Haddad,Finance,Electronic Payment Release,"SAP_FI_PAY_RELEASE, SAP_FI_BATCH_EXEC",Active
U-1011,Carlos Rostova,Finance,Invoice Processing Clerk,"SAP_FI_INV_ENTRY, SAP_FI_INV_VERIFY",Active
U-1011,Carlos Rostova,Finance,Electronic Payment Release,"SAP_FI_PAY_RELEASE, SAP_FI_BATCH_EXEC",Active
U-1012,Svetlana Mansoor,Finance,Invoice Processing Clerk,"SAP_FI_INV_ENTRY, SAP_FI_INV_VERIFY",Active
U-1012,Svetlana Mansoor,Finance,Electronic Payment Release,"SAP_FI_PAY_RELEASE, SAP_FI_BATCH_EXEC",Active
U-1013,John Dubois,Finance,Invoice Processing Clerk,"SAP_FI_INV_ENTRY, SAP_FI_INV_VERIFY",Active
U-1013,John Dubois,Finance,Electronic Payment Release,"SAP_FI_PAY_RELEASE, SAP_FI_BATCH_EXEC",Active
U-1014,Kavita Silva,Finance,Invoice Processing Clerk,"SAP_FI_INV_ENTRY, SAP_FI_INV_VERIFY",Active
U-1014,Kavita Silva,Finance,Electronic Payment Release,"SAP_FI_PAY_RELEASE, SAP_FI_BATCH_EXEC",Active
U-1015,Zaid Sharma,IT,Security Administrator,"SAP_BC_USER_ADMIN, SAP_BC_ROLE_ASSIGN",Active
U-1015,Zaid Sharma,Finance,AP Disbursement Clerk,SAP_FI_PAY_RELEASE,Active
U-1016,Aisha Vance,IT,Security Administrator,"SAP_BC_USER_ADMIN, SAP_BC_ROLE_ASSIGN",Active
U-1016,Aisha Vance,Finance,AP Disbursement Clerk,SAP_FI_PAY_RELEASE,Active
U-1017,Marcus Siddiqui,IT,Security Administrator,"SAP_BC_USER_ADMIN, SAP_BC_ROLE_ASSIGN",Active
U-1017,Marcus Siddiqui,Finance,AP Disbursement Clerk,SAP_FI_PAY_RELEASE,Active
U-1018,Nasser Kowalski,Operations,Department Budget Manager,"SAP_CO_BUDGET_VIEW, SAP_CO_COST_ALLOC",Active
U-1019,Li Chen,Internal Audit,Audit Observer,SAP_AUDIT_READ_ALL,Active
U-1020,Omar Rodriguez,Treasury,Bank Reconciliation Analyst,"SAP_FI_BANK_RECON, SAP_TR_CASH_VIEW",Active
U-1021,Jessica Al-Mutawa,Internal Audit,Audit Observer,SAP_AUDIT_READ_ALL,Active
U-1022,Mohamed Chang,Procurement,Buyer Senior,"SAP_MM_PO_CREATE, SAP_MM_CONTRACT_MAINT",Active
U-1022,Mohamed Chang,Procurement,Strategic Sourcing Specialist,"SAP_MM_RFQ_CREATE, SAP_MM_BID_EVAL",Active
U-1023,Rachel Jenkins,Procurement,Buyer Senior,"SAP_MM_PO_CREATE, SAP_MM_CONTRACT_MAINT",Active
U-1024,Bader Tanaka,Treasury,Bank Reconciliation Analyst,"SAP_FI_BANK_RECON, SAP_TR_CASH_VIEW",Active
U-1025,Priya Ivanova,Procurement,Buyer Senior,"SAP_MM_PO_CREATE, SAP_MM_CONTRACT_MAINT",Active
U-1026,Robert Al-Qasimi,Treasury,Bank Reconciliation Analyst,"SAP_FI_BANK_RECON, SAP_TR_CASH_VIEW",Active
U-1027,Grace Al-Ghamdi,Finance,Tax Compliance Officer,"SAP_FI_TAX_CALC, SAP_FI_VAT_REPORT",Active
U-1028,Hassan Taylor,Finance,Tax Compliance Officer,"SAP_FI_TAX_CALC, SAP_FI_VAT_REPORT",Active
U-1029,Maria Al-Nuaimi,Finance,Accounts Receivable Clerk,"SAP_SD_CUST_INVOICE, SAP_FI_AR_RECEIPT",Active
U-1029,Maria Al-Nuaimi,Finance,General Ledger Accountant,"SAP_FI_GL_POST, SAP_FI_JOURNAL_ENTRY",Active
U-1030,Vikram Hopper,Finance,Accounts Receivable Clerk,"SAP_SD_CUST_INVOICE, SAP_FI_AR_RECEIPT",Active
U-1030,Vikram Hopper,Finance,General Ledger Accountant,"SAP_FI_GL_POST, SAP_FI_JOURNAL_ENTRY",Active
U-1031,Leila Malhotra,Logistics,Inventory Controller,"SAP_MM_INV_COUNT, SAP_MM_PHY_RECON",Active
U-1031,Leila Malhotra,Logistics,Warehouse Receiving Officer,"SAP_MM_GRN_POST, SAP_MM_STOCK_VIEW",Active
U-1032,Lucas Al-Harbi,Finance,General Ledger Accountant,"SAP_FI_GL_POST, SAP_FI_JOURNAL_ENTRY",Active
U-1033,Ahmed Zahra,Finance,Accounts Receivable Clerk,"SAP_SD_CUST_INVOICE, SAP_FI_AR_RECEIPT",Active
U-1034,Elena Miller,Logistics,Inventory Controller,"SAP_MM_INV_COUNT, SAP_MM_PHY_RECON",Active
U-1034,Elena Miller,Logistics,Warehouse Receiving Officer,"SAP_MM_GRN_POST, SAP_MM_STOCK_VIEW",Active
U-1035,Michael Kassem,Logistics,Warehouse Receiving Officer,"SAP_MM_GRN_POST, SAP_MM_STOCK_VIEW",Active
U-1035,Michael Kassem,Logistics,Inventory Controller,"SAP_MM_INV_COUNT, SAP_MM_PHY_RECON",Active
U-1036,Fatima Doe,Internal Audit,Audit Observer,SAP_AUDIT_READ_ALL,Active
U-1037,Tariq Farooq,Logistics,Warehouse Receiving Officer,"SAP_MM_GRN_POST, SAP_MM_STOCK_VIEW",Active
U-1038,Sarah Wei,Finance,Tax Compliance Officer,"SAP_FI_TAX_CALC, SAP_FI_VAT_REPORT",Active
U-1039,David Al-Otaibi,Operations,Department Budget Manager,"SAP_CO_BUDGET_VIEW, SAP_CO_COST_ALLOC",Active
U-1040,Chloe Patel,Logistics,Warehouse Receiving Officer,"SAP_MM_GRN_POST, SAP_MM_STOCK_VIEW",Active
U-1040,Chloe Patel,Logistics,Inventory Controller,"SAP_MM_INV_COUNT, SAP_MM_PHY_RECON",Active
U-1041,Hiroshi Malik,Logistics,Inventory Controller,"SAP_MM_INV_COUNT, SAP_MM_PHY_RECON",Active
U-1041,Hiroshi Malik,Logistics,Warehouse Receiving Officer,"SAP_MM_GRN_POST, SAP_MM_STOCK_VIEW",Active
U-1042,Amira Haddad,Finance,Tax Compliance Officer,"SAP_FI_TAX_CALC, SAP_FI_VAT_REPORT",Active
U-1042,Amira Haddad,Finance,Accounts Receivable Clerk,"SAP_SD_CUST_INVOICE, SAP_FI_AR_RECEIPT",Active
U-1043,Carlos Rostova,Procurement,Strategic Sourcing Specialist,"SAP_MM_RFQ_CREATE, SAP_MM_BID_EVAL",Active
U-1043,Carlos Rostova,Procurement,Buyer Senior,"SAP_MM_PO_CREATE, SAP_MM_CONTRACT_MAINT",Active
U-1044,Svetlana Mansoor,Procurement,Strategic Sourcing Specialist,"SAP_MM_RFQ_CREATE, SAP_MM_BID_EVAL",Active
U-1044,Svetlana Mansoor,Procurement,Buyer Senior,"SAP_MM_PO_CREATE, SAP_MM_CONTRACT_MAINT",Active
U-1045,John Dubois,Logistics,Inventory Controller,"SAP_MM_INV_COUNT, SAP_MM_PHY_RECON",Active
U-1046,Kavita Silva,Operations,Department Budget Manager,"SAP_CO_BUDGET_VIEW, SAP_CO_COST_ALLOC",Active
U-1047,Zaid Sharma,Treasury,Bank Reconciliation Analyst,"SAP_FI_BANK_RECON, SAP_TR_CASH_VIEW",Active
U-1048,Aisha Vance,Logistics,Inventory Controller,"SAP_MM_INV_COUNT, SAP_MM_PHY_RECON",Active
U-1048,Aisha Vance,Logistics,Warehouse Receiving Officer,"SAP_MM_GRN_POST, SAP_MM_STOCK_VIEW",Active
U-1049,Marcus Siddiqui,Procurement,Strategic Sourcing Specialist,"SAP_MM_RFQ_CREATE, SAP_MM_BID_EVAL",Active
U-1049,Marcus Siddiqui,Procurement,Buyer Senior,"SAP_MM_PO_CREATE, SAP_MM_CONTRACT_MAINT",Active
U-1050,Nasser Kowalski,Internal Audit,Audit Observer,SAP_AUDIT_READ_ALL,Active
U-1051,Li Chen,Procurement,Strategic Sourcing Specialist,"SAP_MM_RFQ_CREATE, SAP_MM_BID_EVAL",Active
U-1052,Omar Rodriguez,Procurement,Strategic Sourcing Specialist,"SAP_MM_RFQ_CREATE, SAP_MM_BID_EVAL",Active
U-1052,Omar Rodriguez,Procurement,Buyer Senior,"SAP_MM_PO_CREATE, SAP_MM_CONTRACT_MAINT",Active
U-1053,Jessica Al-Mutawa,Finance,Accounts Receivable Clerk,"SAP_SD_CUST_INVOICE, SAP_FI_AR_RECEIPT",Active
U-1054,Mohamed Chang,Internal Audit,Audit Observer,SAP_AUDIT_READ_ALL,Active
U-1055,Rachel Jenkins,Finance,Tax Compliance Officer,"SAP_FI_TAX_CALC, SAP_FI_VAT_REPORT",Active
U-1055,Rachel Jenkins,Finance,General Ledger Accountant,"SAP_FI_GL_POST, SAP_FI_JOURNAL_ENTRY",Active
U-1056,Bader Tanaka,Finance,General Ledger Accountant,"SAP_FI_GL_POST, SAP_FI_JOURNAL_ENTRY",Active
U-1056,Bader Tanaka,Finance,Accounts Receivable Clerk,"SAP_SD_CUST_INVOICE, SAP_FI_AR_RECEIPT",Active
U-1057,Priya Ivanova,Logistics,Inventory Controller,"SAP_MM_INV_COUNT, SAP_MM_PHY_RECON",Active
U-1058,Robert Al-Qasimi,Procurement,Strategic Sourcing Specialist,"SAP_MM_RFQ_CREATE, SAP_MM_BID_EVAL",Active
U-1059,Grace Al-Ghamdi,Procurement,Buyer Senior,"SAP_MM_PO_CREATE, SAP_MM_CONTRACT_MAINT",Active
U-1059,Grace Al-Ghamdi,Procurement,Strategic Sourcing Specialist,"SAP_MM_RFQ_CREATE, SAP_MM_BID_EVAL",Active
U-1060,Hassan Taylor,Procurement,Buyer Senior,"SAP_MM_PO_CREATE, SAP_MM_CONTRACT_MAINT",Active
U-1061,Maria Al-Nuaimi,Procurement,Strategic Sourcing Specialist,"SAP_MM_RFQ_CREATE, SAP_MM_BID_EVAL",Active
U-1062,Vikram Hopper,Finance,Accounts Receivable Clerk,"SAP_SD_CUST_INVOICE, SAP_FI_AR_RECEIPT",Active
U-1062,Vikram Hopper,Finance,Tax Compliance Officer,"SAP_FI_TAX_CALC, SAP_FI_VAT_REPORT",Active
U-1063,Leila Malhotra,Operations,Department Budget Manager,"SAP_CO_BUDGET_VIEW, SAP_CO_COST_ALLOC",Active
U-1064,Lucas Al-Harbi,Finance,Tax Compliance Officer,"SAP_FI_TAX_CALC, SAP_FI_VAT_REPORT",Active
U-1065,Ahmed Zahra,Finance,General Ledger Accountant,"SAP_FI_GL_POST, SAP_FI_JOURNAL_ENTRY",Active
U-1065,Ahmed Zahra,Finance,Tax Compliance Officer,"SAP_FI_TAX_CALC, SAP_FI_VAT_REPORT",Active
U-1066,Elena Miller,Internal Audit,Audit Observer,SAP_AUDIT_READ_ALL,Active
U-1067,Michael Kassem,Finance,Tax Compliance Officer,"SAP_FI_TAX_CALC, SAP_FI_VAT_REPORT",Active
U-1068,Fatima Doe,Procurement,Strategic Sourcing Specialist,"SAP_MM_RFQ_CREATE, SAP_MM_BID_EVAL",Active
U-1069,Tariq Farooq,Finance,Tax Compliance Officer,"SAP_FI_TAX_CALC, SAP_FI_VAT_REPORT",Active
U-1069,Tariq Farooq,Finance,Accounts Receivable Clerk,"SAP_SD_CUST_INVOICE, SAP_FI_AR_RECEIPT",Active
U-1070,Sarah Wei,Logistics,Warehouse Receiving Officer,"SAP_MM_GRN_POST, SAP_MM_STOCK_VIEW",Active
U-1070,Sarah Wei,Logistics,Inventory Controller,"SAP_MM_INV_COUNT, SAP_MM_PHY_RECON",Active
U-1071,David Al-Otaibi,Procurement,Buyer Senior,"SAP_MM_PO_CREATE, SAP_MM_CONTRACT_MAINT",Active
U-1072,Chloe Patel,Logistics,Inventory Controller,"SAP_MM_INV_COUNT, SAP_MM_PHY_RECON",Active
U-1073,Hiroshi Malik,Logistics,Inventory Controller,"SAP_MM_INV_COUNT, SAP_MM_PHY_RECON",Active
U-1074,Amira Haddad,Treasury,Bank Reconciliation Analyst,"SAP_FI_BANK_RECON, SAP_TR_CASH_VIEW",Active
U-1075,Carlos Rostova,Procurement,Buyer Senior,"SAP_MM_PO_CREATE, SAP_MM_CONTRACT_MAINT",Active
U-1075,Carlos Rostova,Procurement,Strategic Sourcing Specialist,"SAP_MM_RFQ_CREATE, SAP_MM_BID_EVAL",Active
U-1076,Svetlana Mansoor,Internal Audit,Audit Observer,SAP_AUDIT_READ_ALL,Active
U-1077,John Dubois,Internal Audit,Audit Observer,SAP_AUDIT_READ_ALL,Active
U-1078,Kavita Silva,Treasury,Bank Reconciliation Analyst,"SAP_FI_BANK_RECON, SAP_TR_CASH_VIEW",Active
U-1079,Zaid Sharma,Finance,Tax Compliance Officer,"SAP_FI_TAX_CALC, SAP_FI_VAT_REPORT",Active
U-1080,Aisha Vance,Finance,General Ledger Accountant,"SAP_FI_GL_POST, SAP_FI_JOURNAL_ENTRY",Active
U-1080,Aisha Vance,Finance,Tax Compliance Officer,"SAP_FI_TAX_CALC, SAP_FI_VAT_REPORT",Active
